sna,tot,lat,lng,流量,路徑
捷運科技大樓站,29,25.02605,121.5436,335,05-29表格/捷運科技大樓站.jpg
復興南路二段273號前,21,25.02565,121.54357,156,05-29表格/復興南路二段273號前.jpg
國北教大實小東側門,16,25.02429,121.54124,88,05-29表格/國北教大實小東側門.jpg
和平公園東側,11,25.02351,121.54282,138,05-29表格/和平公園東側.jpg
辛亥復興路口西北側,16,25.02153,121.54299,180,05-29表格/辛亥復興路口西北側.jpg
復興南路二段280號前,11,25.02429,121.54328,80,05-29表格/復興南路二段280號前.jpg
復興南路二段340巷口,11,25.02253,121.54326,60,05-29表格/復興南路二段340巷口.jpg
新生南路三段52號前,17,25.02112,121.53407,56,05-29表格/新生南路三段52號前.jpg
新生南路三段66號前,16,25.01976,121.53384,149,05-29表格/新生南路三段66號前.jpg
新生南路三段82號前,20,25.01894,121.53361,281,05-29表格/新生南路三段82號前.jpg
辛亥路一段30號前,8,25.01986,121.52982,103,05-29表格/辛亥路一段30號前.jpg
和平復興路口西北側,9,25.02543,121.54332,149,05-29表格/和平復興路口西北側.jpg
羅斯福路三段311號前,11,25.01717,121.53202,178,05-29表格/羅斯福路三段311號前.jpg
大安運動中心停車場,14,25.020348,121.546446,109,05-29表格/大安運動中心停車場.jpg
羅斯福路三段245號前,8,25.01927,121.52989,68,05-29表格/羅斯福路三段245號前.jpg
羅斯福路三段269巷5號前,10,25.01913,121.53079,0,05-29表格/羅斯福路三段269巷5號前.jpg
溫州公園,5,25.01895,121.53156,103,05-29表格/溫州公園.jpg
和平臥龍街口,15,25.024461,121.546705,118,05-29表格/和平臥龍街口.jpg
溫州停車場,5,25.02093,121.5331,51,05-29表格/溫州停車場.jpg
銘傳國小側門,7,25.01385,121.53549,120,05-29表格/銘傳國小側門.jpg
捷運公館站(2號出口),99,25.01491,121.53438,981,05-29表格/捷運公館站(2號出口).jpg
第二學生活動中心,27,25.01244,121.53661,154,05-29表格/第二學生活動中心.jpg
臺灣科技大學正門,30,25.01451,121.54142,30,05-29表格/臺灣科技大學正門.jpg
臺灣科技大學側門,35,25.01295,121.53973,216,05-29表格/臺灣科技大學側門.jpg
公館公園,15,25.01137,121.54062,80,05-29表格/公館公園.jpg
臺灣科技大學後門,39,25.01182,121.54165,402,05-29表格/臺灣科技大學後門.jpg
臺大醫學院附設癌醫中心,20,25.01426,121.54382,59,05-29表格/臺大醫學院附設癌醫中心.jpg
臺大環研大樓,15,25.01234,121.54503,28,05-29表格/臺大環研大樓.jpg
臺大永齡生醫工程館,34,25.0136,121.54656,34,05-29表格/臺大永齡生醫工程館.jpg
臺大男七舍前,20,25.01537,121.54698,109,05-29表格/臺大男七舍前.jpg
臺大男一舍前,61,25.01637,121.54535,187,05-29表格/臺大男一舍前.jpg
臺大男六舍前,46,25.01664,121.5452,151,05-29表格/臺大男六舍前.jpg
臺大動物醫院前,18,25.01576,121.54291,55,05-29表格/臺大動物醫院前.jpg
臺大土木研究大樓前,11,25.01787,121.5476,30,05-29表格/臺大土木研究大樓前.jpg
臺大萬才館前,20,25.02032,121.54497,28,05-29表格/臺大萬才館前.jpg
臺大國青大樓宿舍前,20,25.02076,121.54432,100,05-29表格/臺大國青大樓宿舍前.jpg
臺大社科院圖書館前,27,25.02101,121.54284,116,05-29表格/臺大社科院圖書館前.jpg
臺大法人語言訓練中心前,28,25.02104,121.54081,89,05-29表格/臺大法人語言訓練中心前.jpg
臺大綜合體育館停車場前,25,25.0222,121.53626,49,05-29表格/臺大綜合體育館停車場前.jpg
辛亥新生路口東南側,21,25.02218,121.53474,57,05-29表格/辛亥新生路口東南側.jpg
基隆長興路口東側,15,25.01727,121.54471,135,05-29表格/基隆長興路口東側.jpg
國北教大側門南側,25,25.022864,121.546622,72,05-29表格/國北教大側門南側.jpg
和平實小東北側,13,25.021641,121.54704,59,05-29表格/和平實小東北側.jpg
大安區健康服務中心,15,25.021469,121.544069,48,05-29表格/大安區健康服務中心.jpg
辛亥泰順街口,20,25.02193,121.53165,134,05-29表格/辛亥泰順街口.jpg
芳和國中,28,25.0189,121.55013,55,05-29表格/芳和國中.jpg
臥龍樂業街口,36,25.01856,121.55558,167,05-29表格/臥龍樂業街口.jpg
臥龍公園,14,25.01623,121.55037,36,05-29表格/臥龍公園.jpg
嘉興公園,44,25.021,121.55211,294,05-29表格/嘉興公園.jpg
捷運麟光站(2號出口),25,25.0181,121.55929,163,05-29表格/捷運麟光站(2號出口).jpg
捷運六張犁站,30,25.02397,121.55266,397,05-29表格/捷運六張犁站.jpg
喬治工商,26,25.02705,121.55551,120,05-29表格/喬治工商.jpg
法治公園,15,25.02694,121.55325,111,05-29表格/法治公園.jpg
捷運臺電大樓站(2號出口),14,25.02021,121.52942,179,05-29表格/捷運臺電大樓站(2號出口).jpg
和平金山路口,32,25.02669,121.52529,164,05-29表格/和平金山路口.jpg
和平龍泉街口,17,25.02638,121.52971,246,05-29表格/和平龍泉街口.jpg
和平泰順街口,9,25.02621,121.53171,153,05-29表格/和平泰順街口.jpg
臺灣師範大學(圖書館),33,25.0266,121.52973,323,05-29表格/臺灣師範大學(圖書館).jpg
捷運古亭站(6號出口),15,25.0276,121.52217,0,05-29表格/捷運古亭站(6號出口).jpg
捷運古亭站(5號出口),14,25.02715,121.52293,234,05-29表格/捷運古亭站(5號出口).jpg
臺北市立圖書館(總館),32,25.02895,121.5379,310,05-29表格/臺北市立圖書館(總館).jpg
新生和平路口東北側,35,25.02657,121.53515,279,05-29表格/新生和平路口東北側.jpg
建國和平路口西北側,41,25.02606,121.53738,354,05-29表格/建國和平路口西北側.jpg
金華公園,23,25.02984,121.53107,276,05-29表格/金華公園.jpg
捷運東門站(3號出口),15,25.03383,121.52815,177,05-29表格/捷運東門站(3號出口).jpg
金甌女中,12,25.03519,121.5245,100,05-29表格/金甌女中.jpg
金杭公園,20,25.03325,121.52436,102,05-29表格/金杭公園.jpg
愛國金山路口,33,25.03164,121.52661,133,05-29表格/愛國金山路口.jpg
敦化南路二段293巷口南側,14,25.0237,121.54899,22,05-29表格/敦化南路二段293巷口南側.jpg
敦化基隆路口,32,25.02215,121.54839,78,05-29表格/敦化基隆路口.jpg
安和路二段181巷口,17,25.02721,121.54988,99,05-29表格/安和路二段181巷口.jpg
臨江街夜市(通化街101巷口),30,25.02952,121.55406,232,05-29表格/臨江街夜市(通化街101巷口).jpg
臨江街夜市(基隆路),17,25.02931,121.55721,182,05-29表格/臨江街夜市(基隆路).jpg
台北科技大學億光大樓,46,25.04177,121.53833,129,05-29表格/台北科技大學億光大樓.jpg
新生南路一段119巷口,33,25.04003,121.53299,221,05-29表格/新生南路一段119巷口.jpg
幸安國小(仁愛路),16,25.03753,121.53523,89,05-29表格/幸安國小(仁愛路).jpg
民榮公園,15,25.03534,121.5354,132,05-29表格/民榮公園.jpg
復興南路1段340巷口,38,25.03701,121.54348,143,05-29表格/復興南路1段340巷口.jpg
建國濟南路口,29,25.03935,121.53828,145,05-29表格/建國濟南路口.jpg
捷運忠孝復興站(2號出口),58,25.04035,121.5436,421,05-29表格/捷運忠孝復興站(2號出口).jpg
捷運大安站(4號出口),13,25.0332,121.5439,333,05-29表格/捷運大安站(4號出口).jpg
捷運大安站(2號出口),22,25.03358,121.54141,135,05-29表格/捷運大安站(2號出口).jpg
信義大安路口(信維大樓),12,25.03317,121.54639,136,05-29表格/信義大安路口(信維大樓).jpg
龍門廣場,50,25.04092,121.54825,321,05-29表格/龍門廣場.jpg
仁愛安和路口,20,25.03754,121.55285,147,05-29表格/仁愛安和路口.jpg
信義敦化路口,42,25.03333,121.54977,323,05-29表格/信義敦化路口.jpg
仁愛國中,25,25.03706,121.55166,66,05-29表格/仁愛國中.jpg
捷運信義安和站(2號出口),26,25.03304,121.55171,154,05-29表格/捷運信義安和站(2號出口).jpg
八德市場,30,25.04463,121.53665,96,05-29表格/八德市場.jpg
昌隆公園,16,25.04448,121.53946,63,05-29表格/昌隆公園.jpg
捷運大安森林公園站(2號出口),52,25.03332,121.53435,405,05-29表格/捷運大安森林公園站(2號出口).jpg
信義延吉街口,15,25.03318,121.55725,122,05-29表格/信義延吉街口.jpg
光信公園(光復南路456巷),15,25.03513,121.5561,114,05-29表格/光信公園(光復南路456巷).jpg
僑安地下停車場(2號出口)東南側,20,25.0391,121.5569,191,05-29表格/僑安地下停車場(2號出口)東南側.jpg
建國南路一段279巷口,32,25.03635,121.53833,213,05-29表格/建國南路一段279巷口.jpg
捷運忠孝新生站(6號出口),15,25.04091,121.53295,57,05-29表格/捷運忠孝新生站(6號出口).jpg
大安高工,23,25.03126,121.54339,172,05-29表格/大安高工.jpg
捷運忠孝新生站(3號出口),23,25.04189,121.53376,149,05-29表格/捷運忠孝新生站(3號出口).jpg
瑠公公園,20,25.04201,121.54612,160,05-29表格/瑠公公園.jpg
敦化市民路口,25,25.04405,121.5486,119,05-29表格/敦化市民路口.jpg
捷運大安森林公園站(5號出口),15,25.03336,121.5364,326,05-29表格/捷運大安森林公園站(5號出口).jpg
信義建國路口,34,25.0328,121.53746,368,05-29表格/信義建國路口.jpg
東豐公園,19,25.03569,121.5451,100,05-29表格/東豐公園.jpg
德安公園(四維路66巷),14,25.03473,121.54767,97,05-29表格/德安公園(四維路66巷).jpg
捷運忠孝復興站(5號出口),41,25.04262,121.54443,271,05-29表格/捷運忠孝復興站(5號出口).jpg
捷運忠孝敦化站(2號出口),17,25.04153,121.5524,257,05-29表格/捷運忠孝敦化站(2號出口).jpg
捷運忠孝敦化站(7號出口),18,25.04159,121.54937,224,05-29表格/捷運忠孝敦化站(7號出口).jpg
瑞安街208巷,15,25.02979,121.54053,167,05-29表格/瑞安街208巷.jpg
樂利路21巷口,17,25.0277,121.55132,146,05-29表格/樂利路21巷口.jpg
捷運科技大樓站(台北教育大學),20,25.02469,121.54459,126,05-29表格/捷運科技大樓站(台北教育大學).jpg
捷運國父紀念館站(2號出口),31,25.04122,121.55745,355,05-29表格/捷運國父紀念館站(2號出口).jpg
仁愛醫院,20,25.03756,121.54587,196,05-29表格/仁愛醫院.jpg
捷運信義安和站(4號出口),18,25.03305,121.55378,401,05-29表格/捷運信義安和站(4號出口).jpg
成功國宅,20,25.02681,121.54668,293,05-29表格/成功國宅.jpg
仁愛延吉街口,17,25.03748,121.55564,210,05-29表格/仁愛延吉街口.jpg
捷運信義安和站(1號出口),23,25.03331,121.55265,238,05-29表格/捷運信義安和站(1號出口).jpg
敦化南路二段103巷口,12,25.0287,121.54904,163,05-29表格/敦化南路二段103巷口.jpg
復興南路二段128巷口,24,25.02861,121.54336,286,05-29表格/復興南路二段128巷口.jpg
和平東建國南路口,14,25.02575,121.5377,117,05-29表格/和平東建國南路口.jpg
芳蘭山莊,16,25.01223,121.54788,24,05-29表格/芳蘭山莊.jpg
復興南路一段126巷口,15,25.04311,121.54313,122,05-29表格/復興南路一段126巷口.jpg
捷運東門站(5號出口),28,25.03363,121.52962,402,05-29表格/捷運東門站(5號出口).jpg
仁愛路四段48巷口,11,25.03609,121.54709,101,05-29表格/仁愛路四段48巷口.jpg
臺北科技大學(電機工程系),16,25.04196,121.53653,56,05-29表格/臺北科技大學(電機工程系).jpg
忠孝東路三段217巷口,34,25.04176,121.54027,162,05-29表格/忠孝東路三段217巷口.jpg
新生南路三段94巷口,15,25.01744,121.53334,171,05-29表格/新生南路三段94巷口.jpg
辛亥新生路口西北側,12,25.02267,121.5341,84,05-29表格/辛亥新生路口西北側.jpg
捷運大安站(6號出口),19,25.03479,121.54376,96,05-29表格/捷運大安站(6號出口).jpg
臥龍街195巷口,14,25.01783,121.55224,59,05-29表格/臥龍街195巷口.jpg
辛亥路三段157巷口,19,25.01727,121.54904,26,05-29表格/辛亥路三段157巷口.jpg
臥龍基隆路口,16,25.02039,121.54853,59,05-29表格/臥龍基隆路口.jpg
敦親公園,16,25.02347,121.54108,176,05-29表格/敦親公園.jpg
大安運動中心,18,25.02054,121.54561,170,05-29表格/大安運動中心.jpg
和平敦化路口,22,25.02444,121.54908,150,05-29表格/和平敦化路口.jpg
基隆長興路口,43,25.01705,121.54435,47,05-29表格/基隆長興路口.jpg
仁愛路四段122巷口,16,25.03762,121.55009,90,05-29表格/仁愛路四段122巷口.jpg
市民敦化路口,15,25.04464,121.54944,74,05-29表格/市民敦化路口.jpg
忠孝東路四段49巷口,15,25.04172,121.54541,93,05-29表格/忠孝東路四段49巷口.jpg
市民復興路口(東南側),16,25.04472,121.54401,0,05-29表格/市民復興路口(東南側).jpg
全安公園,16,25.02535,121.55101,77,05-29表格/全安公園.jpg
信義路三段134巷口,19,25.03333,121.53968,153,05-29表格/信義路三段134巷口.jpg
仁愛敦南圓環(東南側),16,25.03715,121.54936,64,05-29表格/仁愛敦南圓環(東南側).jpg
臺北遠企購物中心,26,25.02709,121.54902,71,05-29表格/臺北遠企購物中心.jpg
外交部外交及國際事務學院,17,25.0371,121.54839,50,05-29表格/外交部外交及國際事務學院.jpg
延平國宅,30,25.07894,121.51121,70,05-29表格/延平國宅.jpg
臺北市立圖書館大同分館,20,25.0741,121.51349,45,05-29表格/臺北市立圖書館大同分館.jpg
合昌宮,15,25.07717,121.50934,41,05-29表格/合昌宮.jpg
民族延平路口,14,25.06864,121.5107,166,05-29表格/民族延平路口.jpg
重慶酒泉街口,14,25.07158,121.51368,137,05-29表格/重慶酒泉街口.jpg
樹德公園,14,25.06647,121.5165,149,05-29表格/樹德公園.jpg
陳天來故居,18,25.05601,121.50895,414,05-29表格/陳天來故居.jpg
臺北孔廟,20,25.07378,121.51583,144,05-29表格/臺北孔廟.jpg
捷運圓山站(1號出口),44,25.07133,121.52024,653,05-29表格/捷運圓山站(1號出口).jpg
酒泉延平路口,15,25.0722,121.51057,68,05-29表格/酒泉延平路口.jpg
重慶國中,37,25.07567,121.51862,33,05-29表格/重慶國中.jpg
重慶北路三段383巷口,15,25.07598,121.51409,27,05-29表格/重慶北路三段383巷口.jpg
台北數位產業園區,24,25.07447,121.52003,103,05-29表格/台北數位產業園區.jpg
民權延平路口(西北側),20,25.06326,121.51099,91,05-29表格/民權延平路口(西北側).jpg
民權迪化街口,23,25.06327,121.50943,178,05-29表格/民權迪化街口.jpg
大稻埕公園,19,25.05915,121.51033,327,05-29表格/大稻埕公園.jpg
大龍老人住宅,14,25.06853,121.51729,64,05-29表格/大龍老人住宅.jpg
大龍峒社會住宅,20,25.0708,121.51826,80,05-29表格/大龍峒社會住宅.jpg
捷運大橋頭站(2號出口),21,25.06314,121.51308,197,05-29表格/捷運大橋頭站(2號出口).jpg
捷運大橋頭站(1A出口),18,25.06325,121.51162,108,05-29表格/捷運大橋頭站(1A出口).jpg
捷運民權西路站(2號出口),25,25.06174,121.51969,73,05-29表格/捷運民權西路站(2號出口).jpg
捷運雙連站(2號出口),31,25.05826,121.52063,360,05-29表格/捷運雙連站(2號出口).jpg
捷運北門站(3號出口),48,25.04991,121.5104,398,05-29表格/捷運北門站(3號出口).jpg
朝陽公園,10,25.05592,121.51367,98,05-29表格/朝陽公園.jpg
永樂市場,14,25.05454,121.51052,439,05-29表格/永樂市場.jpg
大龍公園,18,25.07049,121.51596,109,05-29表格/大龍公園.jpg
重慶涼州街口,13,25.06054,121.51338,81,05-29表格/重慶涼州街口.jpg
圓環站,21,25.05369,121.51418,284,05-29表格/圓環站.jpg
重慶民族路口,13,25.06853,121.51359,115,05-29表格/重慶民族路口.jpg
承德路三段8巷口,10,25.06407,121.51822,46,05-29表格/承德路三段8巷口.jpg
太原廣場,31,25.04925,121.51468,245,05-29表格/太原廣場.jpg
國順公園,20,25.06592,121.51014,152,05-29表格/國順公園.jpg
聯合醫院中興院區,13,25.05205,121.50818,112,05-29表格/聯合醫院中興院區.jpg
蔣渭水紀念公園,24,25.06011,121.51729,113,05-29表格/蔣渭水紀念公園.jpg
迪化休閒運動公園,12,25.07491,121.5115,67,05-29表格/迪化休閒運動公園.jpg
大同運動中心,16,25.06496,121.51608,94,05-29表格/大同運動中心.jpg
重慶保安街口(家樂福重慶店),20,25.05918,121.51373,190,05-29表格/重慶保安街口(家樂福重慶店).jpg
歸綏戲曲公園,20,25.05805,121.51353,129,05-29表格/歸綏戲曲公園.jpg
民權國中(民權西路),17,25.06322,121.5144,67,05-29表格/民權國中(民權西路).jpg
承德民權路口,17,25.06247,121.51839,99,05-29表格/承德民權路口.jpg
南京太原路口,18,25.05366,121.51638,161,05-29表格/南京太原路口.jpg
承德民生西路口,11,25.05756,121.51828,87,05-29表格/承德民生西路口.jpg
太原五原路口,20,25.05646,121.51698,162,05-29表格/太原五原路口.jpg
臺北轉運站(華陰街),20,25.04937,121.51914,290,05-29表格/臺北轉運站(華陰街).jpg
捷運民權西路站(3號出口),26,25.06129,121.52021,150,05-29表格/捷運民權西路站(3號出口).jpg
捷運中山站(5號出口),11,25.05296,121.51938,260,05-29表格/捷運中山站(5號出口).jpg
重慶長安路口,15,25.0515,121.51398,81,05-29表格/重慶長安路口.jpg
劍潭抽水站,17,25.08128,121.51784,130,05-29表格/劍潭抽水站.jpg
通河東街大南路口,15,25.08914,121.51542,92,05-29表格/通河東街大南路口.jpg
福港街停車場,22,25.08695,121.51901,135,05-29表格/福港街停車場.jpg
百齡國小,37,25.08521,121.51918,282,05-29表格/百齡國小.jpg
雨聲街165巷口,15,25.10277,121.53357,49,05-29表格/雨聲街165巷口.jpg
天和公園,13,25.12001,121.53342,85,05-29表格/天和公園.jpg
中山天母路口,29,25.11856,121.52964,248,05-29表格/中山天母路口.jpg
天母運動公園,27,25.11633,121.53414,216,05-29表格/天母運動公園.jpg
臺北市立大學(天母校區),16,25.11356,121.53718,136,05-29表格/臺北市立大學(天母校區).jpg
忠誠路二段53巷,18,25.11127,121.53244,107,05-29表格/忠誠路二段53巷.jpg
天母國中,18,25.11811,121.53875,11,05-29表格/天母國中.jpg
天母棒球場,26,25.11341,121.53195,120,05-29表格/天母棒球場.jpg
天母北天玉街口,15,25.12011,121.52652,36,05-29表格/天母北天玉街口.jpg
蘭興公園,16,25.11184,121.52589,151,05-29表格/蘭興公園.jpg
明勝公園,14,25.08009,121.51895,50,05-29表格/明勝公園.jpg
劍潭海外青年活動中心,23,25.07994,121.52426,130,05-29表格/劍潭海外青年活動中心.jpg
忠誠路一段173巷口,11,25.10813,121.5304,112,05-29表格/忠誠路一段173巷口.jpg
雨農國小,32,25.10564,121.52916,157,05-29表格/雨農國小.jpg
忠誠公園,14,25.10399,121.52593,100,05-29表格/忠誠公園.jpg
芝山抽水站,21,25.10155,121.52832,124,05-29表格/芝山抽水站.jpg
至誠路一段305巷口,21,25.10186,121.53083,56,05-29表格/至誠路一段305巷口.jpg
華齡公園,18,25.08302,121.52069,196,05-29表格/華齡公園.jpg
前港公園(福德宮),18,25.08671,121.52096,30,05-29表格/前港公園(福德宮).jpg
華齡街185巷口,12,25.08828,121.51985,126,05-29表格/華齡街185巷口.jpg
前港公園(前港街),19,25.0848,121.52125,56,05-29表格/前港公園(前港街).jpg
百齡高中,15,25.08736,121.52272,54,05-29表格/百齡高中.jpg
捷運芝山站(2號出口),21,25.10364,121.52219,283,05-29表格/捷運芝山站(2號出口).jpg
臺灣戲曲中心,14,25.10208,121.51979,83,05-29表格/臺灣戲曲中心.jpg
捷運劍潭站(2號出口),63,25.08288,121.52455,473,05-29表格/捷運劍潭站(2號出口).jpg
劍潭基河路口,20,25.08403,121.5249,126,05-29表格/劍潭基河路口.jpg
志成公園,15,25.09667,121.53206,80,05-29表格/志成公園.jpg
福林國小,14,25.09896,121.53025,73,05-29表格/福林國小.jpg
中山中正路口,19,25.09651,121.52753,95,05-29表格/中山中正路口.jpg
士林運動中心,27,25.08911,121.52154,198,05-29表格/士林運動中心.jpg
陽明高中,36,25.09164,121.51706,67,05-29表格/陽明高中.jpg
兒童新樂園,23,25.09631,121.51449,50,05-29表格/兒童新樂園.jpg
臺北市立天文館,31,25.09598,121.51776,106,05-29表格/臺北市立天文館.jpg
華聲公園,27,25.09619,121.5223,94,05-29表格/華聲公園.jpg
福林公園,17,25.09419,121.52833,0,05-29表格/福林公園.jpg
捷運士林站(2號出口),31,25.09343,121.52642,311,05-29表格/捷運士林站(2號出口).jpg
銘傳大學,30,25.08771,121.52677,115,05-29表格/銘傳大學.jpg
士林高商,26,25.09435,121.51702,49,05-29表格/士林高商.jpg
蘭雅公園,29,25.10991,121.53039,204,05-29表格/蘭雅公園.jpg
聯合醫院陽明院區,15,25.10455,121.53195,43,05-29表格/聯合醫院陽明院區.jpg
捷運芝山站(1號出口),36,25.10225,121.52286,500,05-29表格/捷運芝山站(1號出口).jpg
至誠公園,15,25.10143,121.53585,34,05-29表格/至誠公園.jpg
原住民文化主題公園,21,25.10113,121.55159,32,05-29表格/原住民文化主題公園.jpg
通河東街2段10巷口,15,25.09106,121.51502,53,05-29表格/通河東街2段10巷口.jpg
梅林新村,15,25.09755,121.54036,52,05-29表格/梅林新村.jpg
延平北中正路口,30,25.08678,121.50948,75,05-29表格/延平北中正路口.jpg
重慶北路四段190巷口,13,25.08505,121.51166,33,05-29表格/重慶北路四段190巷口.jpg
重慶北葫東街口,15,25.08393,121.51169,30,05-29表格/重慶北葫東街口.jpg
葫蘆國小,20,25.08254,121.5075,118,05-29表格/葫蘆國小.jpg
士林3號廣場,30,25.10459,121.52417,231,05-29表格/士林3號廣場.jpg
社正公園,15,25.08824,121.51054,105,05-29表格/社正公園.jpg
社子國小,15,25.09058,121.50142,68,05-29表格/社子國小.jpg
社中街384巷口,18,25.09346,121.50376,36,05-29表格/社中街384巷口.jpg
忠誠路一段138號,15,25.10641,121.52944,56,05-29表格/忠誠路一段138號.jpg
社子公園,14,25.0902,121.50622,77,05-29表格/社子公園.jpg
國立故宮博物院,17,25.09833,121.54788,63,05-29表格/國立故宮博物院.jpg
泰北高中,12,25.09763,121.53402,44,05-29表格/泰北高中.jpg
後港公園,15,25.09312,121.51419,20,05-29表格/後港公園.jpg
重慶北路四段117號,18,25.08279,121.51219,42,05-29表格/重慶北路四段117號.jpg
社子島島頭公園,15,25.10893,121.46639,147,05-29表格/社子島島頭公園.jpg
延平北路八段133巷口,15,25.10304,121.48297,18,05-29表格/延平北路八段133巷口.jpg
坤天亭,14,25.1064,121.4836,25,05-29表格/坤天亭.jpg
社子島濕地解說小築,15,25.11314,121.48974,40,05-29表格/社子島濕地解說小築.jpg
福安國中,11,25.10261,121.48819,5,05-29表格/福安國中.jpg
福安消防分隊,15,25.09669,121.49706,68,05-29表格/福安消防分隊.jpg
聖山綠地,15,25.10696,121.53234,211,05-29表格/聖山綠地.jpg
芝山國小,14,25.11044,121.53595,157,05-29表格/芝山國小.jpg
士林新天地,19,25.08899,121.51751,119,05-29表格/士林新天地.jpg
蘭雅國小,11,25.10775,121.52312,94,05-29表格/蘭雅國小.jpg
中正基河路口,28,25.0933,121.51962,174,05-29表格/中正基河路口.jpg
福林公園(中正路),27,25.09609,121.53006,64,05-29表格/福林公園(中正路).jpg
至善臨溪路口,22,25.09709,121.54229,71,05-29表格/至善臨溪路口.jpg
市立圖書館葫蘆堵分館,10,25.08217,121.51074,56,05-29表格/市立圖書館葫蘆堵分館.jpg
東山路110巷口,16,25.11306,121.53945,36,05-29表格/東山路110巷口.jpg
永平社會住宅,15,25.08887,121.50314,28,05-29表格/永平社會住宅.jpg
雨農橋,16,25.10012,121.53253,99,05-29表格/雨農橋.jpg
通河街76巷/承德路四段10巷口,14,25.08019,121.5202,126,05-29表格/通河街76巷/承德路四段10巷口.jpg
芝山聖佑宮,15,25.10455,121.53025,35,05-29表格/芝山聖佑宮.jpg
至誠雨聲街口,10,25.10199,121.52927,118,05-29表格/至誠雨聲街口.jpg
捷運線型公園(後街),13,25.09812,121.52449,144,05-29表格/捷運線型公園(後街).jpg
天母公園,12,25.12408,121.53003,42,05-29表格/天母公園.jpg
基河文林路口,16,25.08637,121.5247,106,05-29表格/基河文林路口.jpg
文林福華路口,19,25.10094,121.52243,118,05-29表格/文林福華路口.jpg
劍潭海外青年活動中心_1,10,25.0796,121.5237,62,05-29表格/劍潭海外青年活動中心_1.jpg
社子國小_1,20,25.09029,121.50189,52,05-29表格/社子國小_1.jpg
捷運劍潭站(1號出口),70,25.08577,121.52531,216,05-29表格/捷運劍潭站(1號出口).jpg
德行東山路口,12,25.1107,121.53999,25,05-29表格/德行東山路口.jpg
重慶北通河西街口,12,25.08756,121.51177,19,05-29表格/重慶北通河西街口.jpg
葫蘆國小(延平北路五段285巷),15,25.08406,121.5067,46,05-29表格/葫蘆國小(延平北路五段285巷).jpg
社子市場,11,25.0881,121.50873,25,05-29表格/社子市場.jpg
士林區農會社子分部,8,25.08912,121.5049,46,05-29表格/士林區農會社子分部.jpg
承德劍潭路口,20,25.0841,121.52341,113,05-29表格/承德劍潭路口.jpg
文林路101巷口,12,25.08761,121.52608,32,05-29表格/文林路101巷口.jpg
延平北路五段257巷15弄口,13,25.08408,121.50959,45,05-29表格/延平北路五段257巷15弄口.jpg
延平北路五段257巷4弄口,15,25.08471,121.5089,20,05-29表格/延平北路五段257巷4弄口.jpg
啟明學校,16,25.11742,121.53472,61,05-29表格/啟明學校.jpg
台北花木批發市場,15,25.00402,121.54074,188,05-29表格/台北花木批發市場.jpg
捷運萬隆站(4號出口),21,25.0027,121.53861,151,05-29表格/捷運萬隆站(4號出口).jpg
捷運萬隆站(1號出口),26,25.00115,121.53916,119,05-29表格/捷運萬隆站(1號出口).jpg
萬和二號公園,18,25.00154,121.5364,147,05-29表格/萬和二號公園.jpg
捷運萬隆站(2號出口),12,25.00144,121.53983,122,05-29表格/捷運萬隆站(2號出口).jpg
景仁公園,16,24.99621,121.54043,205,05-29表格/景仁公園.jpg
捷運景美站(2號出口),31,24.99366,121.54124,330,05-29表格/捷運景美站(2號出口).jpg
羅斯福景隆街口,20,24.99898,121.5403,80,05-29表格/羅斯福景隆街口.jpg
景福街/羅斯福路6段142巷口,28,24.99812,121.53663,0,05-29表格/景福街/羅斯福路6段142巷口.jpg
興旺公園,30,25.00587,121.55012,45,05-29表格/興旺公園.jpg
興福國中,25,25.00465,121.54916,116,05-29表格/興福國中.jpg
興隆路2段203巷,35,25.00346,121.54709,51,05-29表格/興隆路2段203巷.jpg
景美運動公園,11,25.00219,121.54454,82,05-29表格/景美運動公園.jpg
景美醫院,18,24.99136,121.54008,147,05-29表格/景美醫院.jpg
師範大學公館校區,14,25.00792,121.53731,106,05-29表格/師範大學公館校區.jpg
景華街128巷口,14,24.99543,121.54725,137,05-29表格/景華街128巷口.jpg
仙跡岩登山口(景興路),22,24.99118,121.5436,133,05-29表格/仙跡岩登山口(景興路).jpg
國立政治大學,35,24.98737,121.57726,103,05-29表格/國立政治大學.jpg
捷運動物園站,18,24.99873,121.57985,141,05-29表格/捷運動物園站.jpg
捷運木柵站,19,24.99798,121.57455,114,05-29表格/捷運木柵站.jpg
捷運萬芳社區站,16,24.99886,121.56769,62,05-29表格/捷運萬芳社區站.jpg
文山運動中心,20,24.99676,121.5596,76,05-29表格/文山運動中心.jpg
捷運辛亥站,29,25.00467,121.55684,80,05-29表格/捷運辛亥站.jpg
興豐公園,16,24.99982,121.54761,110,05-29表格/興豐公園.jpg
木柵光輝路口,19,24.98816,121.55528,73,05-29表格/木柵光輝路口.jpg
考試院,14,24.98747,121.54984,94,05-29表格/考試院.jpg
和興路26巷口,15,24.98573,121.54532,48,05-29表格/和興路26巷口.jpg
世新大學,16,24.98859,121.54336,68,05-29表格/世新大學.jpg
一壽橋,12,24.97837,121.55548,91,05-29表格/一壽橋.jpg
臺北市立景美女中,13,24.98058,121.55624,84,05-29表格/臺北市立景美女中.jpg
永安藝文館-表演36房,15,24.98414,121.56907,92,05-29表格/永安藝文館-表演36房.jpg
忠順區民活動中心,10,24.98471,121.56332,72,05-29表格/忠順區民活動中心.jpg
景文中學,36,24.98574,121.56745,35,05-29表格/景文中學.jpg
老泉街籃球場,14,24.97619,121.5583,19,05-29表格/老泉街籃球場.jpg
文山行政中心,18,24.98959,121.56959,89,05-29表格/文山行政中心.jpg
木柵公園,25,24.98718,121.56059,36,05-29表格/木柵公園.jpg
興隆公共住宅D2區,19,24.98814,121.56356,51,05-29表格/興隆公共住宅D2區.jpg
木新路3段95巷口,16,24.98088,121.56313,111,05-29表格/木新路3段95巷口.jpg
樟腳里公園,15,24.98181,121.56567,61,05-29表格/樟腳里公園.jpg
實踐國中,20,24.98301,121.55404,33,05-29表格/實踐國中.jpg
指南路3段2巷,13,24.98537,121.57959,54,05-29表格/指南路3段2巷.jpg
萊茵公園,14,24.98642,121.56514,17,05-29表格/萊茵公園.jpg
木柵社會住宅,12,24.98935,121.56651,42,05-29表格/木柵社會住宅.jpg
秀明路一段185巷口,20,24.99151,121.56836,9,05-29表格/秀明路一段185巷口.jpg
秀明路一段129巷口,22,24.99111,121.56703,16,05-29表格/秀明路一段129巷口.jpg
恆光橋(老泉街),13,24.97989,121.56753,33,05-29表格/恆光橋(老泉街).jpg
萬有3號公園,14,24.99889,121.5433,97,05-29表格/萬有3號公園.jpg
捷運萬芳醫院站(興隆路三段115巷),20,24.99939,121.55848,31,05-29表格/捷運萬芳醫院站(興隆路三段115巷).jpg
興得閱覽室,24,24.99579,121.55498,20,05-29表格/興得閱覽室.jpg
辛亥生態公園,18,25.00348,121.55642,52,05-29表格/辛亥生態公園.jpg
博嘉運動公園,12,25.00079,121.57534,6,05-29表格/博嘉運動公園.jpg
國立政治大學(萬壽路),56,24.98841,121.57649,142,05-29表格/國立政治大學(萬壽路).jpg
仙岩公園,11,24.99797,121.54982,20,05-29表格/仙岩公園.jpg
政大一街口,14,24.98543,121.58006,25,05-29表格/政大一街口.jpg
文山第二行政中心,30,25.00115,121.55142,99,05-29表格/文山第二行政中心.jpg
移民署訓練中心,13,24.99271,121.55865,44,05-29表格/移民署訓練中心.jpg
海巡署(南側),10,24.99472,121.55949,7,05-29表格/海巡署(南側).jpg
明道國小東南側,18,24.98695,121.56456,5,05-29表格/明道國小東南側.jpg
木南公園,12,24.98662,121.57071,40,05-29表格/木南公園.jpg
實踐國中(木新路三段310巷口),17,24.98339,121.55645,53,05-29表格/實踐國中(木新路三段310巷口).jpg
師範大學公館校區_1,21,25.00753,121.53719,154,05-29表格/師範大學公館校區_1.jpg
捷運動物園站(2號出口),25,24.99766,121.57875,74,05-29表格/捷運動物園站(2號出口).jpg
敦南山林,14,25.00264,121.5768,23,05-29表格/敦南山林.jpg
辛亥路五段73巷口,13,24.99811,121.55307,28,05-29表格/辛亥路五段73巷口.jpg
景美污水抽水站,10,25.01076,121.53637,64,05-29表格/景美污水抽水站.jpg
臺北自來水事業處,20,25.013741,121.53068,179,05-29表格/臺北自來水事業處.jpg
汀州思源街口東南側,20,25.014697,121.531908,291,05-29表格/汀州思源街口東南側.jpg
捷運公館站(1號出口),12,25.014529,121.534374,182,05-29表格/捷運公館站(1號出口).jpg
捷運公館站(4號出口),12,25.015069,121.533828,222,05-29表格/捷運公館站(4號出口).jpg
捷運古亭站(9號出口),20,25.02694,121.52224,194,05-29表格/捷運古亭站(9號出口).jpg
捷運古亭站(2號出口),41,25.0255,121.52346,243,05-29表格/捷運古亭站(2號出口).jpg
捷運臺電大樓站(1號出口),34,25.0197,121.529,164,05-29表格/捷運臺電大樓站(1號出口).jpg
客家文化主題公園,15,25.02069,121.52456,61,05-29表格/客家文化主題公園.jpg
河堤國小,15,25.02277,121.52289,110,05-29表格/河堤國小.jpg
紀州庵,15,25.02092,121.52049,0,05-29表格/紀州庵.jpg
捷運臺電大樓站(5號出口),14,25.02075,121.52771,110,05-29表格/捷運臺電大樓站(5號出口).jpg
捷運臺電大樓站(4號出口),13,25.02102,121.52751,190,05-29表格/捷運臺電大樓站(4號出口).jpg
羅斯福三段金門街口,15,25.02345,121.52498,161,05-29表格/羅斯福三段金門街口.jpg
牯嶺公園,40,25.02338,121.51889,287,05-29表格/牯嶺公園.jpg
捷運古亭站(8號出口),15,25.02701,121.52164,132,05-29表格/捷運古亭站(8號出口).jpg
捷運古亭站(7號出口),12,25.02805,121.52155,129,05-29表格/捷運古亭站(7號出口).jpg
南昌公園,41,25.02698,121.52081,203,05-29表格/南昌公園.jpg
和平重慶路口,46,25.02723,121.51659,211,05-29表格/和平重慶路口.jpg
孫立人將軍官邸,23,25.02933,121.51854,122,05-29表格/孫立人將軍官邸.jpg
羅斯福路二段6巷口,14,25.02923,121.52058,82,05-29表格/羅斯福路二段6巷口.jpg
金華杭州南路口,21,25.031,121.52211,123,05-29表格/金華杭州南路口.jpg
捷運中正紀念堂站(3號出口),18,25.03239,121.51866,143,05-29表格/捷運中正紀念堂站(3號出口).jpg
捷運中正紀念堂站(4號出口),21,25.03376,121.51772,103,05-29表格/捷運中正紀念堂站(4號出口).jpg
重慶南海路口西南側,16,25.03124,121.51459,107,05-29表格/重慶南海路口西南側.jpg
螢橋國小,22,25.02626,121.51402,176,05-29表格/螢橋國小.jpg
古亭智慧圖書館,14,25.02543,121.51052,45,05-29表格/古亭智慧圖書館.jpg
永昌公園,15,25.02643,121.50936,68,05-29表格/永昌公園.jpg
中華路二段409巷口,15,25.02598,121.50806,65,05-29表格/中華路二段409巷口.jpg
南機場夜市(中華路二段),41,25.02886,121.50518,278,05-29表格/南機場夜市(中華路二段).jpg
南海和平路口西南側,19,25.03024,121.50904,136,05-29表格/南海和平路口西南側.jpg
莒光和平路口,20,25.03132,121.50745,59,05-29表格/莒光和平路口.jpg
水源路11-1號旁,19,25.01602,121.52565,47,05-29表格/水源路11-1號旁.jpg
南門國中,21,25.03543,121.50834,86,05-29表格/南門國中.jpg
捷運小南門站(2號出口),18,25.03567,121.51006,55,05-29表格/捷運小南門站(2號出口).jpg
介壽公園,23,25.03907,121.5138,23,05-29表格/介壽公園.jpg
中華貴陽街口,20,25.03938,121.50772,45,05-29表格/中華貴陽街口.jpg
華山文創園區,39,25.04367,121.52849,197,05-29表格/華山文創園區.jpg
捷運善導寺站(1號出口),17,25.04527,121.5222,153,05-29表格/捷運善導寺站(1號出口).jpg
濟南紹興路口,39,25.04193,121.52459,137,05-29表格/濟南紹興路口.jpg
林森仁愛路口,13,25.03915,121.52163,99,05-29表格/林森仁愛路口.jpg
中正運動中心,18,25.03786,121.51985,125,05-29表格/中正運動中心.jpg
信義杭州路口,47,25.0357,121.5241,158,05-29表格/信義杭州路口.jpg
捷運善導寺站(3號出口),20,25.04428,121.52336,237,05-29表格/捷運善導寺站(3號出口).jpg
捷運小南門站(1號出口),46,25.03648,121.50951,116,05-29表格/捷運小南門站(1號出口).jpg
延平南路133巷口,17,25.03792,121.50846,58,05-29表格/延平南路133巷口.jpg
捷運西門站(2號出口),24,25.0416,121.50842,125,05-29表格/捷運西門站(2號出口).jpg
寶慶博愛路口,19,25.04129,121.5112,74,05-29表格/寶慶博愛路口.jpg
法務部,27,25.03705,121.51249,12,05-29表格/法務部.jpg
臺北市立大學(博愛校區),59,25.03545,121.51327,89,05-29表格/臺北市立大學(博愛校區).jpg
國家圖書館,36,25.03763,121.51709,136,05-29表格/國家圖書館.jpg
市民金山路口,18,25.0459,121.53068,170,05-29表格/市民金山路口.jpg
聯合醫院和平院區,18,25.03516,121.50641,80,05-29表格/聯合醫院和平院區.jpg
中山堂,29,25.04412,121.51025,138,05-29表格/中山堂.jpg
中華漢口街口,19,25.04533,121.50944,134,05-29表格/中華漢口街口.jpg
中華路一段21巷口,22,25.04677,121.50989,85,05-29表格/中華路一段21巷口.jpg
捷運臺大醫院站(4號出口),42,25.04297,121.51643,377,05-29表格/捷運臺大醫院站(4號出口).jpg
寶藏巖觀音亭,23,25.01027,121.5331,145,05-29表格/寶藏巖觀音亭.jpg
師大水源路口,21,25.0203,121.52302,37,05-29表格/師大水源路口.jpg
中山徐州路口,16,25.04176,121.51866,97,05-29表格/中山徐州路口.jpg
信義連雲街口,29,25.03377,121.53041,262,05-29表格/信義連雲街口.jpg
臺北轉運站,46,25.04842,121.51994,0,05-29表格/臺北轉運站.jpg
莒光大埔街口,32,25.03132,121.50519,87,05-29表格/莒光大埔街口.jpg
捷運忠孝新生站(2號出口),20,25.04235,121.53222,251,05-29表格/捷運忠孝新生站(2號出口).jpg
光華商場,25,25.04478,121.53274,309,05-29表格/光華商場.jpg
中山青島路口,16,25.04503,121.51968,156,05-29表格/中山青島路口.jpg
捷運中正紀念堂站(5號出口),29,25.03526,121.5168,108,05-29表格/捷運中正紀念堂站(5號出口).jpg
北平東杭州北路口,20,25.04553,121.52736,121,05-29表格/北平東杭州北路口.jpg
王貫英先生紀念圖書館,15,25.02266,121.52362,111,05-29表格/王貫英先生紀念圖書館.jpg
金山信義路口,11,25.03443,121.52721,166,05-29表格/金山信義路口.jpg
林森徐州路口,16,25.04094,121.52215,111,05-29表格/林森徐州路口.jpg
徐州杭州路口,19,25.04023,121.52565,75,05-29表格/徐州杭州路口.jpg
捷運中正紀念堂站(6號出口),17,25.03615,121.5166,20,05-29表格/捷運中正紀念堂站(6號出口).jpg
捷運臺北車站(M2出口),20,25.04821,121.51903,253,05-29表格/捷運臺北車站(M2出口).jpg
機場捷運台北車站(6號出口),14,25.04972,121.51201,43,05-29表格/機場捷運台北車站(6號出口).jpg
延平北平路口,20,25.04869,121.51163,60,05-29表格/延平北平路口.jpg
臺北市國父史蹟館(逸仙公園),25,25.04779,121.52042,114,05-29表格/臺北市國父史蹟館(逸仙公園).jpg
捷運西門站(5號出口),30,25.04244,121.50864,133,05-29表格/捷運西門站(5號出口).jpg
弘道國中,18,25.03828,121.51524,15,05-29表格/弘道國中.jpg
臺北市第一女子高級中學,17,25.0385,121.51288,8,05-29表格/臺北市第一女子高級中學.jpg
台北市替代役中心,15,25.01808,121.5275,46,05-29表格/台北市替代役中心.jpg
紹興徐州路口,18,25.04051,121.52401,58,05-29表格/紹興徐州路口.jpg
羅斯福寧波東街口,16,25.03145,121.51941,144,05-29表格/羅斯福寧波東街口.jpg
自來水園區,20,25.01328,121.53004,337,05-29表格/自來水園區.jpg
仁愛林森路口,20,25.03895,121.52233,80,05-29表格/仁愛林森路口.jpg
捷運西門站(3號出口),24,25.04178,121.50869,197,05-29表格/捷運西門站(3號出口).jpg
仁愛金山路口,9,25.0384,121.52801,66,05-29表格/仁愛金山路口.jpg
杭州南路一段101巷口,14,25.03746,121.52799,71,05-29表格/杭州南路一段101巷口.jpg
仁愛杭州路口,15,25.03846,121.52497,61,05-29表格/仁愛杭州路口.jpg
龍興里活動中心,15,25.02815,121.51108,76,05-29表格/龍興里活動中心.jpg
通北街65巷口,16,25.08251,121.54004,71,05-29表格/通北街65巷口.jpg
圓山風景區,15,25.07805,121.5295,52,05-29表格/圓山風景區.jpg
樂群二堤頂大道口,20,25.0803,121.56251,60,05-29表格/樂群二堤頂大道口.jpg
劍潭社區,13,25.08524,121.53748,9,05-29表格/劍潭社區.jpg
培英公園,14,25.08258,121.54462,135,05-29表格/培英公園.jpg
樂群二明水路口,20,25.08009,121.55226,95,05-29表格/樂群二明水路口.jpg
北安大直街口,15,25.08474,121.54968,102,05-29表格/北安大直街口.jpg
捷運劍南路站(2號出口),38,25.08401,121.55535,525,05-29表格/捷運劍南路站(2號出口).jpg
樂群二敬業三路口,20,25.07985,121.55609,223,05-29表格/樂群二敬業三路口.jpg
樂群二敬業四路口,43,25.07976,121.55813,317,05-29表格/樂群二敬業四路口.jpg
捷運大直站(3號出口),34,25.07923,121.5473,163,05-29表格/捷運大直站(3號出口).jpg
復興市民路口,36,25.04585,121.54375,293,05-29表格/復興市民路口.jpg
南京遼寧街口,21,25.05176,121.54217,272,05-29表格/南京遼寧街口.jpg
伊通長安路口,15,25.04833,121.53469,186,05-29表格/伊通長安路口.jpg
新生長安路口,15,25.04861,121.52935,99,05-29表格/新生長安路口.jpg
市民林森路口,20,25.04796,121.52439,177,05-29表格/市民林森路口.jpg
南京新生路口,20,25.05194,121.52766,199,05-29表格/南京新生路口.jpg
一江公園,16,25.05316,121.53146,66,05-29表格/一江公園.jpg
松江公園,15,25.05025,121.53273,95,05-29表格/松江公園.jpg
新生長春路口,15,25.05639,121.52752,95,05-29表格/新生長春路口.jpg
第二果菜批發市場,28,25.06642,121.53735,272,05-29表格/第二果菜批發市場.jpg
民生建國路口,17,25.05778,121.53692,100,05-29表格/民生建國路口.jpg
興安華城,62,25.05606,121.54175,264,05-29表格/興安華城.jpg
捷運中山國中站,47,25.06106,121.54406,450,05-29表格/捷運中山國中站.jpg
龍江錦州街口,16,25.06045,121.54077,146,05-29表格/龍江錦州街口.jpg
建國長春路口,16,25.05469,121.53686,56,05-29表格/建國長春路口.jpg
南京建國路口,28,25.05214,121.5368,126,05-29表格/南京建國路口.jpg
捷運松江南京站(7號出口),62,25.05246,121.5332,345,05-29表格/捷運松江南京站(7號出口).jpg
朱崙商場,27,25.04762,121.54043,218,05-29表格/朱崙商場.jpg
中吉公園,15,25.05604,121.53166,57,05-29表格/中吉公園.jpg
華山公園,19,25.0471,121.5277,0,05-29表格/華山公園.jpg
建國北路一段17巷,45,25.04699,121.53735,35,05-29表格/建國北路一段17巷.jpg
江寧公園,15,25.0614,121.53929,124,05-29表格/江寧公園.jpg
民權龍江路口,14,25.06225,121.54107,103,05-29表格/民權龍江路口.jpg
捷運中山國小站(2號出口),59,25.0625,121.52629,215,05-29表格/捷運中山國小站(2號出口).jpg
捷運行天宮站(3號出口),36,25.05992,121.5333,340,05-29表格/捷運行天宮站(3號出口).jpg
林森農安街口,17,25.06531,121.52565,106,05-29表格/林森農安街口.jpg
捷運中山國小站(4號出口),20,25.06283,121.52697,157,05-29表格/捷運中山國小站(4號出口).jpg
農安雙城街口,15,25.06491,121.52449,179,05-29表格/農安雙城街口.jpg
新生德惠街口,15,25.06652,121.52762,87,05-29表格/新生德惠街口.jpg
民族林森路口,16,25.06847,121.52559,114,05-29表格/民族林森路口.jpg
臺北市立美術館,24,25.06987,121.52291,98,05-29表格/臺北市立美術館.jpg
中山民族路口,16,25.06816,121.52265,89,05-29表格/中山民族路口.jpg
新生高架停車場(林森北路107巷口),14,25.04983,121.52853,113,05-29表格/新生高架停車場(林森北路107巷口).jpg
南京林森路口(東南側),10,25.05201,121.52556,199,05-29表格/南京林森路口(東南側).jpg
仁德公園,18,25.05337,121.5289,37,05-29表格/仁德公園.jpg
中原公園,15,25.05583,121.52821,82,05-29表格/中原公園.jpg
下埤公園,14,25.06682,121.54213,86,05-29表格/下埤公園.jpg
五常國中,16,25.06505,121.54366,70,05-29表格/五常國中.jpg
榮星花園,39,25.06424,121.54037,241,05-29表格/榮星花園.jpg
民權建國路口,34,25.06251,121.53765,195,05-29表格/民權建國路口.jpg
松江路431巷口,15,25.06585,121.53338,87,05-29表格/松江路431巷口.jpg
新喜公園,13,25.06533,121.53177,98,05-29表格/新喜公園.jpg
吉林路407巷口,15,25.06595,121.53041,156,05-29表格/吉林路407巷口.jpg
民族松江路口,17,25.06833,121.5328,101,05-29表格/民族松江路口.jpg
林安泰古厝,10,25.07154,121.53058,234,05-29表格/林安泰古厝.jpg
中山公民會館,20,25.06185,121.5226,84,05-29表格/中山公民會館.jpg
渭水八德路口,23,25.04573,121.53508,66,05-29表格/渭水八德路口.jpg
捷運中山站(2號出口),26,25.05228,121.52176,459,05-29表格/捷運中山站(2號出口).jpg
撫順公園,18,25.06416,121.52203,148,05-29表格/撫順公園.jpg
新生公園,8,25.06839,121.53032,125,05-29表格/新生公園.jpg
捷運行天宮站(1號出口),26,25.05867,121.53305,155,05-29表格/捷運行天宮站(1號出口).jpg
林森長春路口,18,25.05497,121.52536,312,05-29表格/林森長春路口.jpg
建國農安街口,30,25.06503,121.53678,111,05-29表格/建國農安街口.jpg
松江路77巷口,10,25.04985,121.53312,75,05-29表格/松江路77巷口.jpg
建國長安路口,15,25.04847,121.53669,0,05-29表格/建國長安路口.jpg
市民新生路口,15,25.04592,121.53207,88,05-29表格/市民新生路口.jpg
民權吉林路口,15,25.06269,121.53061,85,05-29表格/民權吉林路口.jpg
中山農安街口,17,25.0651,121.5224,145,05-29表格/中山農安街口.jpg
捷運行政大樓,14,25.05575,121.52168,120,05-29表格/捷運行政大樓.jpg
中吉公園(松江路188巷),22,25.0568,121.53191,46,05-29表格/中吉公園(松江路188巷).jpg
吉林路123巷口,13,25.05731,121.53021,72,05-29表格/吉林路123巷口.jpg
中原民生路口,15,25.05808,121.52887,97,05-29表格/中原民生路口.jpg
國立臺北大學(臺北校區),30,25.05794,121.54244,133,05-29表格/國立臺北大學(臺北校區).jpg
錦州吉林路口,10,25.06028,121.52991,153,05-29表格/錦州吉林路口.jpg
中山北路二段59巷口,12,25.05606,121.5229,102,05-29表格/中山北路二段59巷口.jpg
永盛公園(民生東路一段23巷),12,25.05873,121.52488,165,05-29表格/永盛公園(民生東路一段23巷).jpg
新生錦州街口,20,25.05955,121.52744,32,05-29表格/新生錦州街口.jpg
濱江街199巷口,15,25.0734,121.53985,229,05-29表格/濱江街199巷口.jpg
大佳社區公園,15,25.07275,121.5373,44,05-29表格/大佳社區公園.jpg
濱江果菜市場,22,25.06807,121.53673,69,05-29表格/濱江果菜市場.jpg
興安合江路口,19,25.05619,121.53949,88,05-29表格/興安合江路口.jpg
復興北路514巷口東側,10,25.06597,121.54117,108,05-29表格/復興北路514巷口東側.jpg
台泥大樓,18,25.06142,121.52305,60,05-29表格/台泥大樓.jpg
植福樂群路口,10,25.08303,121.5604,43,05-29表格/植福樂群路口.jpg
新興公園,10,25.06157,121.52439,104,05-29表格/新興公園.jpg
南京伊通街口,11,25.05189,121.53517,92,05-29表格/南京伊通街口.jpg
南京龍江路口,15,25.05205,121.54012,125,05-29表格/南京龍江路口.jpg
撫順街41巷(崇德宮前),19,25.06389,121.51916,48,05-29表格/撫順街41巷(崇德宮前).jpg
臺北市立圖書館大直分館,20,25.08152,121.54646,102,05-29表格/臺北市立圖書館大直分館.jpg
捷運大直站(1號出口),27,25.0801,121.54708,115,05-29表格/捷運大直站(1號出口).jpg
捷運松江南京站(4號出口),32,25.0512,121.53312,148,05-29表格/捷運松江南京站(4號出口).jpg
中429公園,15,25.07864,121.55557,67,05-29表格/中429公園.jpg
長春路137巷口,16,25.05791,121.53114,44,05-29表格/長春路137巷口.jpg
松江民生路口,17,25.05765,121.53299,59,05-29表格/松江民生路口.jpg
松江路132巷口,14,25.05277,121.53013,53,05-29表格/松江路132巷口.jpg
長春吉林路口,10,25.05481,121.53032,44,05-29表格/長春吉林路口.jpg
長春一江街口,11,25.05488,121.53142,44,05-29表格/長春一江街口.jpg
捷運松江南京站(8號出口),20,25.05215,121.53276,121,05-29表格/捷運松江南京站(8號出口).jpg
南京一江街口,10,25.05215,121.53171,43,05-29表格/南京一江街口.jpg
松江長春路口,16,25.05499,121.53295,87,05-29表格/松江長春路口.jpg
經國七海文化園區,15,25.07802,121.53511,37,05-29表格/經國七海文化園區.jpg
民族玉門街口,20,25.06873,121.52003,90,05-29表格/民族玉門街口.jpg
新生農安街口,15,25.06493,121.52778,68,05-29表格/新生農安街口.jpg
稻江高級護理家事職業學校,14,25.06532,121.52848,61,05-29表格/稻江高級護理家事職業學校.jpg
捷運大直站(3號出口)_1,18,25.07934,121.54671,122,05-29表格/捷運大直站(3號出口)_1.jpg
樂群二明水路口_1,10,25.07983,121.55236,65,05-29表格/樂群二明水路口_1.jpg
民權吉林路口(南側),16,25.06245,121.53014,96,05-29表格/民權吉林路口(南側).jpg
長春龍江路口,24,25.05473,121.54026,115,05-29表格/長春龍江路口.jpg
民權新生路口,26,25.06305,121.52776,116,05-29表格/民權新生路口.jpg
建國長春路口(北側),8,25.05476,121.53693,65,05-29表格/建國長春路口(北側).jpg
中山行政中心,20,25.06432,121.53349,209,05-29表格/中山行政中心.jpg
臺北市立美術館_1,18,25.07063,121.52327,218,05-29表格/臺北市立美術館_1.jpg
劍潭社區_1,18,25.08476,121.53789,45,05-29表格/劍潭社區_1.jpg
濱江國小游泳池,16,25.07818,121.56175,42,05-29表格/濱江國小游泳池.jpg
林森公園,20,25.05223,121.52581,192,05-29表格/林森公園.jpg
中428公園,15,25.07825,121.55337,33,05-29表格/中428公園.jpg
復華公園,20,25.05339,121.5401,34,05-29表格/復華公園.jpg
新生民族路口(西南側),15,25.06819,121.52767,41,05-29表格/新生民族路口(西南側).jpg
文湖街21巷118弄口,19,25.09122,121.55961,67,05-29表格/文湖街21巷118弄口.jpg
北勢湖環保公園,15,25.08378,121.56208,28,05-29表格/北勢湖環保公園.jpg
洲子一號公園,43,25.07977,121.56454,62,05-29表格/洲子一號公園.jpg
西康公園,16,25.08284,121.56449,52,05-29表格/西康公園.jpg
文湖國小,15,25.08637,121.56088,142,05-29表格/文湖國小.jpg
文湖街81巷10號西側,14,25.08707,121.56406,78,05-29表格/文湖街81巷10號西側.jpg
德明財經科技大學,19,25.08637,121.56574,91,05-29表格/德明財經科技大學.jpg
麗山國小,15,25.08311,121.57155,111,05-29表格/麗山國小.jpg
麗山高中,15,25.08398,121.57725,61,05-29表格/麗山高中.jpg
港華五號公園,16,25.08522,121.57462,42,05-29表格/港華五號公園.jpg
大湖國小,25,25.08803,121.59958,101,05-29表格/大湖國小.jpg
安湖三號公園,12,25.07021,121.61593,35,05-29表格/安湖三號公園.jpg
東湖路113巷95弄,10,25.07177,121.61491,33,05-29表格/東湖路113巷95弄.jpg
瑞光計程車服務站,20,25.0745,121.57389,4,05-29表格/瑞光計程車服務站.jpg
文德三號公園(江南街71巷16弄),15,25.07524,121.5772,67,05-29表格/文德三號公園(江南街71巷16弄).jpg
捷運大湖公園站(2號出口),22,25.08395,121.60185,167,05-29表格/捷運大湖公園站(2號出口).jpg
康寧星雲街口,12,25.07958,121.59336,52,05-29表格/康寧星雲街口.jpg
星雲街47號,15,25.07864,121.59177,41,05-29表格/星雲街47號.jpg
捷運西湖站(1號出口),35,25.08279,121.56687,188,05-29表格/捷運西湖站(1號出口).jpg
捷運西湖站(2號出口),12,25.08205,121.56716,81,05-29表格/捷運西湖站(2號出口).jpg
洲子二號公園,38,25.07932,121.56869,57,05-29表格/洲子二號公園.jpg
港都公園,15,25.08296,121.5752,98,05-29表格/港都公園.jpg
環山路二段26巷口,29,25.08598,121.572,81,05-29表格/環山路二段26巷口.jpg
成功金龍路口,17,25.08436,121.59478,103,05-29表格/成功金龍路口.jpg
碧山公園,15,25.0878,121.59227,96,05-29表格/碧山公園.jpg
金瑞公園,15,25.08785,121.5879,130,05-29表格/金瑞公園.jpg
捷運文德站(2號出口),17,25.07842,121.58464,135,05-29表格/捷運文德站(2號出口).jpg
陽光公園,16,25.07695,121.58764,37,05-29表格/陽光公園.jpg
文德二號公園(南側),13,25.07504,121.58375,42,05-29表格/文德二號公園(南側).jpg
文德二號公園(北側),15,25.07758,121.58381,86,05-29表格/文德二號公園(北側).jpg
瑞陽公園,12,25.07777,121.57961,69,05-29表格/瑞陽公園.jpg
湖光國宅,14,25.07538,121.58079,74,05-29表格/湖光國宅.jpg
潭美街213號,12,25.05575,121.58486,13,05-29表格/潭美街213號.jpg
南京東路六段180號,21,25.0559,121.57991,49,05-29表格/南京東路六段180號.jpg
潭美國小(南京舊宗路口),16,25.05768,121.58159,28,05-29表格/潭美國小(南京舊宗路口).jpg
新明路343號,12,25.05653,121.58345,29,05-29表格/新明路343號.jpg
週美里活動廣場,12,25.05439,121.58147,26,05-29表格/週美里活動廣場.jpg
內湖行政中心,25,25.06915,121.58898,37,05-29表格/內湖行政中心.jpg
樂康公園,20,25.07007,121.62055,23,05-29表格/樂康公園.jpg
安康路32巷24弄,21,25.06181,121.59447,21,05-29表格/安康路32巷24弄.jpg
明美公園,12,25.06256,121.58607,50,05-29表格/明美公園.jpg
南京東路六段368巷,15,25.05827,121.58707,87,05-29表格/南京東路六段368巷.jpg
新明成功路口,18,25.06058,121.5911,26,05-29表格/新明成功路口.jpg
民權瑞光路口,20,25.06835,121.58323,19,05-29表格/民權瑞光路口.jpg
瑞光公共住宅(瑞光路),18,25.07335,121.57951,70,05-29表格/瑞光公共住宅(瑞光路).jpg
民權東路六段15巷,17,25.06853,121.57813,13,05-29表格/民權東路六段15巷.jpg
扶輪親恩公園,17,25.06709,121.58002,47,05-29表格/扶輪親恩公園.jpg
新湖三民善街口,15,25.06286,121.57497,131,05-29表格/新湖三民善街口.jpg
內湖119號綠地,24,25.05594,121.57865,45,05-29表格/內湖119號綠地.jpg
行善公園,15,25.05301,121.57592,60,05-29表格/行善公園.jpg
三軍總醫院,14,25.07151,121.58991,58,05-29表格/三軍總醫院.jpg
福華商場,20,25.06877,121.59265,46,05-29表格/福華商場.jpg
臺北市網球中心,16,25.0674,121.59749,51,05-29表格/臺北市網球中心.jpg
捷運葫洲站(1號出口),15,25.07249,121.60796,117,05-29表格/捷運葫洲站(1號出口).jpg
麗湖國小,12,25.07332,121.60223,21,05-29表格/麗湖國小.jpg
金湖路347巷125弄口,15,25.0733,121.59834,11,05-29表格/金湖路347巷125弄口.jpg
碧湖公園,15,25.07988,121.58287,82,05-29表格/碧湖公園.jpg
碧湖公園(內湖路二段103巷),19,25.08317,121.58109,90,05-29表格/碧湖公園(內湖路二段103巷).jpg
貿七社區,17,25.08357,121.58534,36,05-29表格/貿七社區.jpg
內湖區農會,12,25.08165,121.58891,102,05-29表格/內湖區農會.jpg
捷運內湖站(2號出口),10,25.0835,121.59454,52,05-29表格/捷運內湖站(2號出口).jpg
康寧金湖路口,14,25.07896,121.59921,19,05-29表格/康寧金湖路口.jpg
康寧路一段156巷20弄口,17,25.07792,121.59354,21,05-29表格/康寧路一段156巷20弄口.jpg
安康公園,19,25.06657,121.6136,0,05-29表格/安康公園.jpg
安泰街83巷,12,25.07669,121.61709,48,05-29表格/安泰街83巷.jpg
內溝溪生態展示館,8,25.08722,121.62306,27,05-29表格/內溝溪生態展示館.jpg
捷運港墘站(2號出口),15,25.07967,121.57584,181,05-29表格/捷運港墘站(2號出口).jpg
東湖國中,16,25.07334,121.61962,107,05-29表格/東湖國中.jpg
石潭公園(安康路),20,25.06261,121.59334,23,05-29表格/石潭公園(安康路).jpg
內湖垃圾焚化廠,20,25.06209,121.60347,11,05-29表格/內湖垃圾焚化廠.jpg
康寧公園(北側),20,25.06927,121.61019,76,05-29表格/康寧公園(北側).jpg
康寧路三段54巷口,15,25.0716,121.60936,43,05-29表格/康寧路三段54巷口.jpg
行善路25巷口,14,25.05707,121.57658,74,05-29表格/行善路25巷口.jpg
新明路460巷口,15,25.05503,121.57823,21,05-29表格/新明路460巷口.jpg
下灣公園,10,25.06516,121.59561,28,05-29表格/下灣公園.jpg
民權東路六段245巷口,12,25.06708,121.60059,9,05-29表格/民權東路六段245巷口.jpg
星雲金湖街口,14,25.08086,121.59737,4,05-29表格/星雲金湖街口.jpg
東湖國小,10,25.06854,121.61532,128,05-29表格/東湖國小.jpg
捷運內湖站(1號出口),10,25.08373,121.59406,188,05-29表格/捷運內湖站(1號出口).jpg
瑞光港墘路口,12,25.07611,121.57487,43,05-29表格/瑞光港墘路口.jpg
瑞湖陽光街口,11,25.07296,121.57603,51,05-29表格/瑞湖陽光街口.jpg
金龍公園,15,25.08554,121.59076,40,05-29表格/金龍公園.jpg
星雲街138巷1弄口,15,25.07943,121.59544,47,05-29表格/星雲街138巷1弄口.jpg
東湖一號公園,10,25.07567,121.6118,11,05-29表格/東湖一號公園.jpg
東湖二號公園,15,25.07415,121.61075,35,05-29表格/東湖二號公園.jpg
康湖二號公園(康寧醫院),16,25.07514,121.60857,33,05-29表格/康湖二號公園(康寧醫院).jpg
堤頂大道新湖一路口,13,25.05892,121.57354,9,05-29表格/堤頂大道新湖一路口.jpg
下灣公園(成功路),16,25.06682,121.5907,42,05-29表格/下灣公園(成功路).jpg
舊宗行善路口,9,25.05876,121.58062,28,05-29表格/舊宗行善路口.jpg
新湖二路250巷口,20,25.06455,121.58262,34,05-29表格/新湖二路250巷口.jpg
成功路四段41巷口,12,25.08105,121.59205,43,05-29表格/成功路四段41巷口.jpg
金湖星雲街口,30,25.08151,121.59764,21,05-29表格/金湖星雲街口.jpg
國防醫學院,15,25.06851,121.59559,38,05-29表格/國防醫學院.jpg
民權東路六段190巷117弄口,15,25.06434,121.59399,21,05-29表格/民權東路六段190巷117弄口.jpg
內湖運動中心,21,25.07848,121.57493,92,05-29表格/內湖運動中心.jpg
九華公園,16,25.08844,121.56122,123,05-29表格/九華公園.jpg
內湖路二段179巷口,16,25.08454,121.584,6,05-29表格/內湖路二段179巷口.jpg
行善行愛路口,12,25.0606,121.58286,19,05-29表格/行善行愛路口.jpg
民善新湖二路口(家樂福內湖店),23,25.06017,121.57552,96,05-29表格/民善新湖二路口(家樂福內湖店).jpg
統振大樓,25,25.06007,121.60138,15,05-29表格/統振大樓.jpg
陽光街161巷口,16,25.07433,121.58584,56,05-29表格/陽光街161巷口.jpg
潭美公園(南京東路六段368巷),12,25.05928,121.58617,24,05-29表格/潭美公園(南京東路六段368巷).jpg
西康二號公園,21,25.08503,121.5637,35,05-29表格/西康二號公園.jpg
三民國中(民權東路六段47巷),13,25.06935,121.58692,19,05-29表格/三民國中(民權東路六段47巷).jpg
瑞光路76巷口,12,25.07168,121.58125,19,05-29表格/瑞光路76巷口.jpg
捷運東湖站,18,25.06664,121.61351,239,05-29表格/捷運東湖站.jpg
新湖國小,12,25.06874,121.58923,27,05-29表格/新湖國小.jpg
碧山內湖路口,16,25.08627,121.5914,60,05-29表格/碧山內湖路口.jpg
民權東路六段413巷,16,25.07038,121.60352,15,05-29表格/民權東路六段413巷.jpg
宏匯瑞光廣場(瑞光路),16,25.07676,121.57433,19,05-29表格/宏匯瑞光廣場(瑞光路).jpg
宏匯瑞光廣場(港墘路),20,25.07777,121.57562,31,05-29表格/宏匯瑞光廣場(港墘路).jpg
承德路七段304巷口,20,25.1168,121.5048,70,05-29表格/承德路七段304巷口.jpg
洲美運動公園,20,25.10981,121.49886,87,05-29表格/洲美運動公園.jpg
榮華二明德路口,30,25.11357,121.52255,58,05-29表格/榮華二明德路口.jpg
捷運明德站(1號出口),23,25.10896,121.51936,87,05-29表格/捷運明德站(1號出口).jpg
文林建民路口,12,25.10788,121.51457,30,05-29表格/文林建民路口.jpg
永欣綠地,10,25.12416,121.52607,35,05-29表格/永欣綠地.jpg
關渡宮,20,25.11739,121.46288,477,05-29表格/關渡宮.jpg
關渡自然公園,22,25.11884,121.46912,62,05-29表格/關渡自然公園.jpg
關渡醫院,14,25.1203,121.4665,105,05-29表格/關渡醫院.jpg
捷運忠義站(1號出口),17,25.13149,121.47365,39,05-29表格/捷運忠義站(1號出口).jpg
捷運關渡站(1號出口),24,25.12397,121.46712,275,05-29表格/捷運關渡站(1號出口).jpg
捷運關渡站(2號出口),14,25.12618,121.46737,39,05-29表格/捷運關渡站(2號出口).jpg
中央北路四段540巷口,11,25.12796,121.46782,53,05-29表格/中央北路四段540巷口.jpg
大度立德路口,18,25.1231,121.47092,44,05-29表格/大度立德路口.jpg
捷運復興崗站(1號出口),13,25.1378,121.4863,75,05-29表格/捷運復興崗站(1號出口).jpg
捷運復興崗站旅客服務中心,15,25.13666,121.48159,21,05-29表格/捷運復興崗站旅客服務中心.jpg
豐年公園,20,25.13475,121.49613,26,05-29表格/豐年公園.jpg
稻香重三路口,15,25.13997,121.48967,34,05-29表格/稻香重三路口.jpg
國防大學政治作戰學院,14,25.13776,121.49345,32,05-29表格/國防大學政治作戰學院.jpg
秀山區民活動中心,10,25.14582,121.49303,54,05-29表格/秀山區民活動中心.jpg
大業大同街口,42,25.13691,121.49987,73,05-29表格/大業大同街口.jpg
捷運新北投站,22,25.13733,121.50339,87,05-29表格/捷運新北投站.jpg
捷運北投站,30,25.13187,121.499,399,05-29表格/捷運北投站.jpg
捷運奇岩站(三合街),30,25.12634,121.50099,188,05-29表格/捷運奇岩站(三合街).jpg
八仙里辦公處,16,25.12297,121.50158,41,05-29表格/八仙里辦公處.jpg
清江國小,48,25.12725,121.50676,148,05-29表格/清江國小.jpg
大業路300巷口,20,25.12814,121.49782,61,05-29表格/大業路300巷口.jpg
立農公園,21,25.11798,121.50342,44,05-29表格/立農公園.jpg
北投奇岩長青樂活大樓,15,25.12666,121.50373,52,05-29表格/北投奇岩長青樂活大樓.jpg
捷運唭哩岸站(2號出口),30,25.12087,121.50523,192,05-29表格/捷運唭哩岸站(2號出口).jpg
北投運動中心,17,25.11666,121.50962,174,05-29表格/北投運動中心.jpg
陽明大學,15,25.11912,121.51223,93,05-29表格/陽明大學.jpg
捷運石牌站(2號出口),19,25.11451,121.51567,232,05-29表格/捷運石牌站(2號出口).jpg
台北護理大學,25,25.11752,121.51662,101,05-29表格/台北護理大學.jpg
捷運石牌站(1號出口),20,25.11593,121.51435,75,05-29表格/捷運石牌站(1號出口).jpg
振興醫院,36,25.11753,121.52186,76,05-29表格/振興醫院.jpg
石牌國小,26,25.1144,121.51307,73,05-29表格/石牌國小.jpg
振興公園,13,25.11865,121.5235,53,05-29表格/振興公園.jpg
立農國小,19,25.11978,121.50422,61,05-29表格/立農國小.jpg
承德路七段280巷口,17,25.11587,121.50576,95,05-29表格/承德路七段280巷口.jpg
石牌區民活動中心,15,25.11093,121.51382,59,05-29表格/石牌區民活動中心.jpg
榮富公園,13,25.1137,121.52437,68,05-29表格/榮富公園.jpg
中正高中,31,25.10467,121.51654,41,05-29表格/中正高中.jpg
立功立德路口,32,25.12501,121.47158,49,05-29表格/立功立德路口.jpg
中央北路四段30巷口,10,25.13539,121.478,23,05-29表格/中央北路四段30巷口.jpg
陽明交大圖書館,37,25.12081,121.51352,90,05-29表格/陽明交大圖書館.jpg
捷運新北投站(2號出口),11,25.13675,121.50224,30,05-29表格/捷運新北投站(2號出口).jpg
復興公園,14,25.13872,121.5021,64,05-29表格/復興公園.jpg
承德石牌路口,17,25.11272,121.50922,48,05-29表格/承德石牌路口.jpg
承德路七段188巷口,16,25.11416,121.50771,46,05-29表格/承德路七段188巷口.jpg
捷運明德站(3號出口),20,25.11,121.51841,159,05-29表格/捷運明德站(3號出口).jpg
大豐公園,24,25.13102,121.50408,110,05-29表格/大豐公園.jpg
洲美公園,30,25.10032,121.50599,40,05-29表格/洲美公園.jpg
中和街455巷11弄,13,25.14319,121.49621,25,05-29表格/中和街455巷11弄.jpg
洲美蜆仔港公園,20,25.10065,121.51107,21,05-29表格/洲美蜆仔港公園.jpg
文化三杏林一路口,17,25.14058,121.49915,95,05-29表格/文化三杏林一路口.jpg
珠海復興一路口,15,25.14045,121.50446,23,05-29表格/珠海復興一路口.jpg
裕民二路33巷,15,25.11535,121.51736,68,05-29表格/裕民二路33巷.jpg
新奇岩社會住宅,12,25.12287,121.5037,64,05-29表格/新奇岩社會住宅.jpg
泉源公園,15,25.14193,121.50835,2,05-29表格/泉源公園.jpg
奇岩4號綠地,12,25.12533,121.50573,56,05-29表格/奇岩4號綠地.jpg
臺北健康護理大學(教研大樓),15,25.11857,121.51846,69,05-29表格/臺北健康護理大學(教研大樓).jpg
奇岩一號公園,24,25.12862,121.5033,51,05-29表格/奇岩一號公園.jpg
福星公園,18,25.1094,121.51248,27,05-29表格/福星公園.jpg
中庸公園,12,25.13774,121.50142,15,05-29表格/中庸公園.jpg
豐年公園_1,18,25.13597,121.49702,62,05-29表格/豐年公園_1.jpg
光明溫泉路口,12,25.13431,121.50226,61,05-29表格/光明溫泉路口.jpg
和信治癌中心醫院,18,25.12757,121.47207,10,05-29表格/和信治癌中心醫院.jpg
致遠新村,15,25.14319,121.49093,25,05-29表格/致遠新村.jpg
北投公園露天溫泉,15,25.13684,121.50792,37,05-29表格/北投公園露天溫泉.jpg
捷運松山站(4號出口),19,25.04987,121.57785,450,05-29表格/捷運松山站(4號出口).jpg
塔悠八德路口,34,25.05009,121.57202,207,05-29表格/塔悠八德路口.jpg
鵬程公園,24,25.05503,121.56876,69,05-29表格/鵬程公園.jpg
中崙高中,23,25.04878,121.56087,139,05-29表格/中崙高中.jpg
捷運南京三民站(2號出口),19,25.05136,121.56283,246,05-29表格/捷運南京三民站(2號出口).jpg
捷運南京三民站(1號出口),13,25.05155,121.5636,240,05-29表格/捷運南京三民站(1號出口).jpg
光復北路11巷口,23,25.04937,121.558,113,05-29表格/光復北路11巷口.jpg
捷運南京三民站(4號出口),13,25.05152,121.5646,129,05-29表格/捷運南京三民站(4號出口).jpg
西松高中,14,25.05492,121.56701,76,05-29表格/西松高中.jpg
民權復興路口,27,25.0622,121.54565,125,05-29表格/民權復興路口.jpg
民福三號綠地,15,25.06374,121.54767,93,05-29表格/民福三號綠地.jpg
民有一號公園,10,25.06095,121.54731,172,05-29表格/民有一號公園.jpg
民生敦化路口,21,25.05804,121.54897,144,05-29表格/民生敦化路口.jpg
松基公園,20,25.0546,121.54486,136,05-29表格/松基公園.jpg
三民路166巷口,17,25.0619,121.56328,177,05-29表格/三民路166巷口.jpg
民生活動中心,12,25.05907,121.56305,265,05-29表格/民生活動中心.jpg
捷運小巨蛋站(2號出口),26,25.05157,121.55118,144,05-29表格/捷運小巨蛋站(2號出口).jpg
臺北市藝文推廣處,45,25.04826,121.55235,245,05-29表格/臺北市藝文推廣處.jpg
民生國小(敦化北路199巷),20,25.05633,121.55286,188,05-29表格/民生國小(敦化北路199巷).jpg
敦北公園,34,25.06118,121.55098,133,05-29表格/敦北公園.jpg
民權運動公園,15,25.062,121.56019,143,05-29表格/民權運動公園.jpg
新東公園,17,25.05925,121.56888,242,05-29表格/新東公園.jpg
民生光復路口,23,25.05834,121.55496,179,05-29表格/民生光復路口.jpg
三民公園,12,25.06214,121.56636,121,05-29表格/三民公園.jpg
八德路三段74巷口,11,25.04459,121.55252,115,05-29表格/八德路三段74巷口.jpg
八德路三段8巷口,15,25.04488,121.54992,87,05-29表格/八德路三段8巷口.jpg
三軍總醫院(松山分院),20,25.05419,121.55631,128,05-29表格/三軍總醫院(松山分院).jpg
平安新城,16,25.05528,121.559,96,05-29表格/平安新城.jpg
健康社會住宅,20,25.05433,121.56545,121,05-29表格/健康社會住宅.jpg
民權光復路口(東北側),24,25.06206,121.55475,55,05-29表格/民權光復路口(東北側).jpg
市民東興路口,16,25.0484,121.56586,115,05-29表格/市民東興路口.jpg
光復南路22巷口,29,25.04711,121.55779,211,05-29表格/光復南路22巷口.jpg
光復南路58巷,12,25.04566,121.55656,87,05-29表格/光復南路58巷.jpg
松山新城,14,25.05347,121.55436,79,05-29表格/松山新城.jpg
內政部營建署,30,25.04769,121.5448,227,05-29表格/內政部營建署.jpg
南京光復路口,21,25.05143,121.55716,169,05-29表格/南京光復路口.jpg
民生立體停車場,10,25.05846,121.55947,136,05-29表格/民生立體停車場.jpg
健康新城,14,25.05408,121.56095,190,05-29表格/健康新城.jpg
健安新城,30,25.05606,121.56345,273,05-29表格/健安新城.jpg
復盛公園,10,25.04763,121.56115,122,05-29表格/復盛公園.jpg
中崙福成宮,17,25.04524,121.54659,131,05-29表格/中崙福成宮.jpg
捷運南京復興站(7號出口),15,25.05278,121.54478,134,05-29表格/捷運南京復興站(7號出口).jpg
捷運南京復興站(5號出口),35,25.05168,121.54506,272,05-29表格/捷運南京復興站(5號出口).jpg
塔悠疏散門,12,25.0648,121.56788,174,05-29表格/塔悠疏散門.jpg
臺北田徑場,42,25.04951,121.54941,262,05-29表格/臺北田徑場.jpg
捷運小巨蛋站(5號出口),22,25.05176,121.55352,202,05-29表格/捷運小巨蛋站(5號出口).jpg
敦化長春路口,22,25.0536,121.54871,188,05-29表格/敦化長春路口.jpg
饒河疏散門(基四號疏散門),19,25.05147,121.57683,356,05-29表格/饒河疏散門(基四號疏散門).jpg
捷運松山站(2號出口),14,25.05013,121.57635,167,05-29表格/捷運松山站(2號出口).jpg
民權東路三段106巷口,22,25.062,121.54472,111,05-29表格/民權東路三段106巷口.jpg
南京東路五段59巷口,11,25.05163,121.55907,115,05-29表格/南京東路五段59巷口.jpg
三民公園(塔悠路),20,25.06241,121.56831,36,05-29表格/三民公園(塔悠路).jpg
寶清公園,13,25.05198,121.5681,148,05-29表格/寶清公園.jpg
西松公園,11,25.05406,121.56407,63,05-29表格/西松公園.jpg
長壽公園,15,25.05378,121.55893,50,05-29表格/長壽公園.jpg
復源公園,14,25.04634,121.5542,143,05-29表格/復源公園.jpg
南京東路四段179巷口,13,25.05173,121.55609,72,05-29表格/南京東路四段179巷口.jpg
臺北田徑場(北寧路側),24,25.04954,121.55261,80,05-29表格/臺北田徑場(北寧路側).jpg
西松高中(健康路325巷),13,25.05567,121.56713,151,05-29表格/西松高中(健康路325巷).jpg
南京東興路口,18,25.05149,121.56535,206,05-29表格/南京東興路口.jpg
捷運松山站(3號出口),30,25.04962,121.57746,274,05-29表格/捷運松山站(3號出口).jpg
介壽國中,12,25.05722,121.55706,38,05-29表格/介壽國中.jpg
南港公園(東新街),20,25.04591,121.59226,88,05-29表格/南港公園(東新街).jpg
南港公園(福德街),24,25.04128,121.59089,150,05-29表格/南港公園(福德街).jpg
捷運昆陽站(1號出口),30,25.05014,121.59238,196,05-29表格/捷運昆陽站(1號出口).jpg
忠孝東路六段225巷口,35,25.04919,121.58832,208,05-29表格/忠孝東路六段225巷口.jpg
捷運後山埤站(1號出口),45,25.04437,121.58133,153,05-29表格/捷運後山埤站(1號出口).jpg
合樂公園,15,25.04843,121.58154,157,05-29表格/合樂公園.jpg
合心廣場,20,25.04608,121.58315,128,05-29表格/合心廣場.jpg
成德國中,16,25.04592,121.5882,102,05-29表格/成德國中.jpg
玉成公園,20,25.04281,121.58613,120,05-29表格/玉成公園.jpg
研究院舊莊街口,30,25.04239,121.61683,52,05-29表格/研究院舊莊街口.jpg
中研院綜合體育館東側,30,25.04054,121.61374,45,05-29表格/中研院綜合體育館東側.jpg
國家生技園區,20,25.04763,121.61145,27,05-29表格/國家生技園區.jpg
捷運南港展覽館站(5號出口),56,25.05469,121.61669,298,05-29表格/捷運南港展覽館站(5號出口).jpg
中研公園,40,25.04697,121.61375,131,05-29表格/中研公園.jpg
福山公園,20,25.04499,121.61775,108,05-29表格/福山公園.jpg
舊莊區民活動中心,12,25.04139,121.6191,80,05-29表格/舊莊區民活動中心.jpg
凌雲市場,20,25.03564,121.61415,55,05-29表格/凌雲市場.jpg
市民大道八段532號,15,25.054,121.61334,49,05-29表格/市民大道八段532號.jpg
捷運南港軟體園區(2號出口),27,25.05933,121.61677,111,05-29表格/捷運南港軟體園區(2號出口).jpg
南港國小,20,25.05668,121.61137,21,05-29表格/南港國小.jpg
興中立體停車場(興中路),26,25.05629,121.607,114,05-29表格/興中立體停車場(興中路).jpg
臺北市立圖書館南港分館,40,25.05485,121.60866,48,05-29表格/臺北市立圖書館南港分館.jpg
東陽公園,18,25.05716,121.59792,117,05-29表格/東陽公園.jpg
向陽南港路口,17,25.05437,121.59423,41,05-29表格/向陽南港路口.jpg
南港車站(忠孝東路七段415巷),11,25.05252,121.60922,40,05-29表格/南港車站(忠孝東路七段415巷).jpg
捷運南港站(2號出口),17,25.05201,121.60741,54,05-29表格/捷運南港站(2號出口).jpg
捷運南港站(1號出口),20,25.05192,121.60642,35,05-29表格/捷運南港站(1號出口).jpg
東新國小,22,25.05507,121.6028,118,05-29表格/東新國小.jpg
中華科技大學,20,25.03392,121.60985,72,05-29表格/中華科技大學.jpg
六福公園,19,25.04681,121.61703,27,05-29表格/六福公園.jpg
南港加壓站,24,25.04805,121.61594,74,05-29表格/南港加壓站.jpg
台北流行音樂中心(南港路),21,25.05343,121.59945,43,05-29表格/台北流行音樂中心(南港路).jpg
興南公園,26,25.05766,121.60396,37,05-29表格/興南公園.jpg
台北流行音樂中心(市民大道),21,25.05211,121.59839,25,05-29表格/台北流行音樂中心(市民大道).jpg
南港車站(市民大道),30,25.05326,121.60656,231,05-29表格/南港車站(市民大道).jpg
忠孝東路七段527巷口,15,25.05266,121.61275,49,05-29表格/忠孝東路七段527巷口.jpg
南港軟體園區(新民街),19,25.05627,121.61369,36,05-29表格/南港軟體園區(新民街).jpg
世貿公園,35,25.05831,121.61422,117,05-29表格/世貿公園.jpg
凌雲五村(研究院路三段8巷),26,25.03595,121.61688,44,05-29表格/凌雲五村(研究院路三段8巷).jpg
新新公園(昆陽街60巷),20,25.0521,121.59053,51,05-29表格/新新公園(昆陽街60巷).jpg
南港高中(昆陽街),14,25.05285,121.59279,58,05-29表格/南港高中(昆陽街).jpg
南港路三段290巷口,20,25.05234,121.58152,48,05-29表格/南港路三段290巷口.jpg
南港路三段220巷口,25,25.05289,121.58599,36,05-29表格/南港路三段220巷口.jpg
南港東新街口,28,25.05168,121.58284,7,05-29表格/南港東新街口.jpg
八德中坡路口,26,25.05064,121.5803,72,05-29表格/八德中坡路口.jpg
捷運後山埤站(3號出口),12,25.04511,121.5836,179,05-29表格/捷運後山埤站(3號出口).jpg
玉成公園運動中心,15,25.04193,121.58493,83,05-29表格/玉成公園運動中心.jpg
百福公園,18,25.03884,121.58788,82,05-29表格/百福公園.jpg
南湖大橋(經貿二路255巷),20,25.06148,121.61384,75,05-29表格/南湖大橋(經貿二路255巷).jpg
園區重陽路口,13,25.05937,121.61072,65,05-29表格/園區重陽路口.jpg
南港車站B棟(市民大道),16,25.05293,121.60549,94,05-29表格/南港車站B棟(市民大道).jpg
胡適公園,20,25.04014,121.61766,23,05-29表格/胡適公園.jpg
南港抽水站,15,25.06164,121.61267,47,05-29表格/南港抽水站.jpg
經貿公園,20,25.06271,121.61597,20,05-29表格/經貿公園.jpg
育成高中,20,25.05853,121.60983,35,05-29表格/育成高中.jpg
捷運南港展覽館站(7號出口),20,25.05436,121.6181,57,05-29表格/捷運南港展覽館站(7號出口).jpg
力行橋(南港),18,25.05172,121.61686,133,05-29表格/力行橋(南港).jpg
舊莊國小(舊莊街一段),15,25.03987,121.62015,29,05-29表格/舊莊國小(舊莊街一段).jpg
向陽公園,17,25.05705,121.59265,58,05-29表格/向陽公園.jpg
小彎社會住宅,36,25.0582,121.59368,120,05-29表格/小彎社會住宅.jpg
捷運南港展覽館站(6號出口),25,25.05465,121.6185,27,05-29表格/捷運南港展覽館站(6號出口).jpg
捷運南港展覽館站(4號出口),22,25.05535,121.61838,77,05-29表格/捷運南港展覽館站(4號出口).jpg
成德綠地,17,25.04675,121.58731,57,05-29表格/成德綠地.jpg
南港公園(東新街170巷),16,25.04134,121.59323,25,05-29表格/南港公園(東新街170巷).jpg
中坡市民路口(東北側),19,25.04969,121.58028,44,05-29表格/中坡市民路口(東北側).jpg
昆陽公園,14,25.0483,121.59425,26,05-29表格/昆陽公園.jpg
南港路二段178巷口,18,25.05368,121.59969,42,05-29表格/南港路二段178巷口.jpg
南港車站(忠孝東路),20,25.05247,121.6082,80,05-29表格/南港車站(忠孝東路).jpg
南港車站(興華路),21,25.05343,121.60633,156,05-29表格/南港車站(興華路).jpg
玉成公園(成福路178巷口),18,25.04177,121.58735,94,05-29表格/玉成公園(成福路178巷口).jpg
玉東公園(東新街),14,25.04998,121.58383,16,05-29表格/玉東公園(東新街).jpg
南港出租國宅社區,25,25.03878,121.59302,34,05-29表格/南港出租國宅社區.jpg
內湖機廠(港東街),15,25.058,121.62189,36,05-29表格/內湖機廠(港東街).jpg
黎忠區民活動中心,16,25.02035,121.55769,187,05-29表格/黎忠區民活動中心.jpg
基隆路二段159巷口,15,25.02561,121.55409,0,05-29表格/基隆路二段159巷口.jpg
嘉興街175巷口,16,25.02811,121.55671,107,05-29表格/嘉興街175巷口.jpg
和平東路三段631巷口,15,25.0132,121.56335,40,05-29表格/和平東路三段631巷口.jpg
和平東路三段530巷口,15,25.01545,121.56134,14,05-29表格/和平東路三段530巷口.jpg
景勤二號公園,41,25.02698,121.55841,159,05-29表格/景勤二號公園.jpg
臺北醫學大學,47,25.02668,121.56175,314,05-29表格/臺北醫學大學.jpg
三興公園,31,25.02868,121.55932,105,05-29表格/三興公園.jpg
松德站,38,25.03162,121.57396,134,05-29表格/松德站.jpg
捷運象山站(2號出口),31,25.03222,121.56974,254,05-29表格/捷運象山站(2號出口).jpg
象山公園,25,25.02863,121.56981,316,05-29表格/象山公園.jpg
松仁路253巷3弄,19,25.02678,121.56884,170,05-29表格/松仁路253巷3弄.jpg
興雅國中,18,25.03616,121.56983,125,05-29表格/興雅國中.jpg
捷運象山站(1號出口),24,25.03295,121.56867,122,05-29表格/捷運象山站(1號出口).jpg
松德路200巷,41,25.03471,121.57301,146,05-29表格/松德路200巷.jpg
中全公園,17,25.0382,121.57495,159,05-29表格/中全公園.jpg
台北市災害應變中心,25,25.02868,121.56672,253,05-29表格/台北市災害應變中心.jpg
信義運動中心,33,25.03189,121.56678,171,05-29表格/信義運動中心.jpg
捷運台北101/世貿站(3號出口),15,25.03275,121.56337,123,05-29表格/捷運台北101/世貿站(3號出口).jpg
景新公園,17,25.03003,121.56287,133,05-29表格/景新公園.jpg
光復信義路口東南側,16,25.03281,121.55756,139,05-29表格/光復信義路口東南側.jpg
三張犁,16,25.03452,121.5576,247,05-29表格/三張犁.jpg
仁愛路四段496巷口,21,25.03745,121.5602,132,05-29表格/仁愛路四段496巷口.jpg
松山工農,34,25.03961,121.57199,109,05-29表格/松山工農.jpg
松友公園,15,25.03423,121.57636,115,05-29表格/松友公園.jpg
林口公園,41,25.03894,121.57915,223,05-29表格/林口公園.jpg
松山家商,25,25.0347,121.58018,49,05-29表格/松山家商.jpg
永春陂濕地公園,23,25.03301,121.58096,124,05-29表格/永春陂濕地公園.jpg
臺北市政府,48,25.03801,121.56541,133,05-29表格/臺北市政府.jpg
松智松壽路口,39,25.03607,121.56535,187,05-29表格/松智松壽路口.jpg
市府松壽路口,28,25.03627,121.56383,36,05-29表格/市府松壽路口.jpg
市府松高路口,24,25.03899,121.56369,115,05-29表格/市府松高路口.jpg
市民廣場,30,25.03599,121.56218,89,05-29表格/市民廣場.jpg
信義廣場(台北101),36,25.03306,121.5662,242,05-29表格/信義廣場(台北101).jpg
捷運台北101/世貿站(5號出口),15,25.03338,121.56333,100,05-29表格/捷運台北101/世貿站(5號出口).jpg
春光公園,24,25.0427,121.58112,149,05-29表格/春光公園.jpg
松仁路121巷口,31,25.03476,121.56865,204,05-29表格/松仁路121巷口.jpg
福德國小,27,25.03846,121.58618,300,05-29表格/福德國小.jpg
福德公園,22,25.03897,121.5833,0,05-29表格/福德公園.jpg
松高路(信義新天地A4館),17,25.03918,121.56654,160,05-29表格/松高路(信義新天地A4館).jpg
興雅松仁路口,65,25.0401,121.56822,280,05-29表格/興雅松仁路口.jpg
福祥公園,19,25.04626,121.57045,107,05-29表格/福祥公園.jpg
吳興公車總站,44,25.02388,121.56984,402,05-29表格/吳興公車總站.jpg
泰和公園,20,25.0193,121.57105,267,05-29表格/泰和公園.jpg
興雅國小(基隆路一段37巷),15,25.04773,121.56895,53,05-29表格/興雅國小(基隆路一段37巷).jpg
雅祥公園(松信路50巷口),12,25.04732,121.57211,188,05-29表格/雅祥公園(松信路50巷口).jpg
松山車站,53,25.0489,121.57841,352,05-29表格/松山車站.jpg
五常公園,16,25.04797,121.57432,90,05-29表格/五常公園.jpg
永吉松信路口,23,25.04548,121.57207,210,05-29表格/永吉松信路口.jpg
三興國小,22,25.02969,121.55766,149,05-29表格/三興國小.jpg
市民松信路口,20,25.04927,121.57205,91,05-29表格/市民松信路口.jpg
松山高中,34,25.0433,121.5638,237,05-29表格/松山高中.jpg
基隆光復路口,17,25.03005,121.55764,97,05-29表格/基隆光復路口.jpg
基隆忠孝路口西南側,14,25.04108,121.5629,185,05-29表格/基隆忠孝路口西南側.jpg
泰和里民活動中心,18,25.0213,121.57027,97,05-29表格/泰和里民活動中心.jpg
捷運後山埤站(2號出口),22,25.04395,121.58184,256,05-29表格/捷運後山埤站(2號出口).jpg
虎林永吉路口,15,25.04519,121.57712,175,05-29表格/虎林永吉路口.jpg
永吉公園,18,25.04345,121.57539,186,05-29表格/永吉公園.jpg
永吉路321巷口,15,25.04561,121.57549,135,05-29表格/永吉路321巷口.jpg
松山永吉路口,20,25.04623,121.57772,92,05-29表格/松山永吉路口.jpg
松山路292巷口,17,25.0432,121.57789,157,05-29表格/松山路292巷口.jpg
捷運象山站(3號出口),47,25.03295,121.5712,242,05-29表格/捷運象山站(3號出口).jpg
松德公園,25,25.03657,121.57349,121,05-29表格/松德公園.jpg
世貿三館,18,25.03511,121.56369,60,05-29表格/世貿三館.jpg
松德虎林街口,22,25.0383,121.5762,189,05-29表格/松德虎林街口.jpg
富台公園,20,25.04185,121.57204,162,05-29表格/富台公園.jpg
基隆路一段101巷口,20,25.04516,121.56702,187,05-29表格/基隆路一段101巷口.jpg
捷運永春站(2號出口),18,25.0405,121.57538,442,05-29表格/捷運永春站(2號出口).jpg
吳興街260巷,22,25.02606,121.5631,202,05-29表格/吳興街260巷.jpg
松山家商(林口街),16,25.03593,121.57906,161,05-29表格/松山家商(林口街).jpg
仁愛逸仙路口,28,25.03771,121.56124,111,05-29表格/仁愛逸仙路口.jpg
安強公園,18,25.03693,121.57535,183,05-29表格/安強公園.jpg
信義基隆路口,12,25.03321,121.55873,172,05-29表格/信義基隆路口.jpg
捷運台北101/世貿站(2號出口),39,25.0327,121.56157,314,05-29表格/捷運台北101/世貿站(2號出口).jpg
吳興街284巷36弄口,25,25.02236,121.56268,136,05-29表格/吳興街284巷36弄口.jpg
協和祐德高級中學,20,25.0426,121.58381,83,05-29表格/協和祐德高級中學.jpg
福德國小公車站,10,25.03929,121.58755,91,05-29表格/福德國小公車站.jpg
松仁路95巷口,28,25.03656,121.56866,325,05-29表格/松仁路95巷口.jpg
臺北南山廣場_1,25,25.03404,121.56598,308,05-29表格/臺北南山廣場_1.jpg
景聯廣場,13,25.03214,121.55974,83,05-29表格/景聯廣場.jpg
景平公園,13,25.02976,121.5642,52,05-29表格/景平公園.jpg
捷運市政府站(3號出口),92,25.04084,121.56789,568,05-29表格/捷運市政府站(3號出口).jpg
德昌寶興街口(西北角),15,25.02361,121.49529,97,05-29表格/德昌寶興街口(西北角).jpg
寶興長泰街口(西南角),17,25.0216,121.49597,78,05-29表格/寶興長泰街口(西南角).jpg
萬大路486巷口,10,25.01975,121.4973,68,05-29表格/萬大路486巷口.jpg
國興中華路口,14,25.02485,121.50898,52,05-29表格/國興中華路口.jpg
古亭國中,12,25.02442,121.5107,104,05-29表格/古亭國中.jpg
國興水源路口,14,25.02297,121.50845,61,05-29表格/國興水源路口.jpg
青年公園高爾夫球場,16,25.02481,121.50755,82,05-29表格/青年公園高爾夫球場.jpg
國興青年路口,12,25.02594,121.50651,193,05-29表格/國興青年路口.jpg
青年公園棒球場,28,25.0241,121.50289,82,05-29表格/青年公園棒球場.jpg
青年公園籃球場,16,25.02085,121.50539,117,05-29表格/青年公園籃球場.jpg
復華花園新城,14,25.02964,121.50258,166,05-29表格/復華花園新城.jpg
新和國小,20,25.026825238862,121.502968463788,103,05-29表格/新和國小.jpg
莒光郵局,16,25.03124,121.50122,59,05-29表格/莒光郵局.jpg
莒光立體停車場,10,25.03116,121.50336,41,05-29表格/莒光立體停車場.jpg
艋舺大道146巷口,14,25.03301,121.5016,32,05-29表格/艋舺大道146巷口.jpg
東園國小,28,25.02257,121.49807,93,05-29表格/東園國小.jpg
華中疏散門,12,25.01688,121.49534,84,05-29表格/華中疏散門.jpg
錦德公園,16,25.02332,121.49264,91,05-29表格/錦德公園.jpg
忠德公園,12,25.02516,121.49604,51,05-29表格/忠德公園.jpg
萬華國中,21,25.02922,121.4985,29,05-29表格/萬華國中.jpg
華江高中,22,25.02744,121.49619,133,05-29表格/華江高中.jpg
西園艋舺路口,24,25.03267,121.49757,81,05-29表格/西園艋舺路口.jpg
雙園國中,18,25.02673,121.49176,79,05-29表格/雙園國中.jpg
長順區民活動中心,26,25.03284,121.48908,100,05-29表格/長順區民活動中心.jpg
華江國小,23,25.03397,121.49029,84,05-29表格/華江國小.jpg
華江八號公園,20,25.03388,121.49293,120,05-29表格/華江八號公園.jpg
環河南雙園街口,15,25.03203,121.49127,69,05-29表格/環河南雙園街口.jpg
大理高中,37,25.03062,121.49021,53,05-29表格/大理高中.jpg
糖廍文化園區,14,25.03383,121.4946,107,05-29表格/糖廍文化園區.jpg
兩棵樹公園,17,25.03211,121.49502,53,05-29表格/兩棵樹公園.jpg
萬華青年公宅,23,25.02021,121.50376,145,05-29表格/萬華青年公宅.jpg
開封西寧路口,21,25.04662,121.50717,220,05-29表格/開封西寧路口.jpg
峨嵋停車場,29,25.04441,121.50541,240,05-29表格/峨嵋停車場.jpg
長沙公園,17,25.0417,121.49992,113,05-29表格/長沙公園.jpg
貓公園(中興橋頭),15,25.04367,121.50218,59,05-29表格/貓公園(中興橋頭).jpg
西本願寺廣場,30,25.04099,121.50769,314,05-29表格/西本願寺廣場.jpg
中華桂林路口,22,25.03771,121.50662,312,05-29表格/中華桂林路口.jpg
捷運龍山寺站(1號出口),30,25.03535,121.49938,346,05-29表格/捷運龍山寺站(1號出口).jpg
龍山國小,24,25.0355,121.49541,90,05-29表格/龍山國小.jpg
華西公園,23,25.03852,121.49881,242,05-29表格/華西公園.jpg
老松國小,28,25.03792,121.50177,178,05-29表格/老松國小.jpg
萬華火車站,19,25.03364,121.50322,55,05-29表格/萬華火車站.jpg
萬華火車站(D2廣場),17,25.03394,121.50117,84,05-29表格/萬華火車站(D2廣場).jpg
捷運龍山寺站(3號出口),23,25.03509,121.50199,48,05-29表格/捷運龍山寺站(3號出口).jpg
臺北市電影主題公園(峨嵋街),15,25.04445,121.50306,56,05-29表格/臺北市電影主題公園(峨嵋街).jpg
臺北市電影主題公園(康定路),15,25.04551,121.50318,82,05-29表格/臺北市電影主題公園(康定路).jpg
中華峨嵋街口,24,25.04345,121.50841,224,05-29表格/中華峨嵋街口.jpg
萬華266號綠地,15,25.0403,121.50197,156,05-29表格/萬華266號綠地.jpg
萬大國小(萬大路344巷口),18,25.02376,121.49986,42,05-29表格/萬大國小(萬大路344巷口).jpg
德昌街10巷口,10,25.02533,121.4996,55,05-29表格/德昌街10巷口.jpg
環河南和平西路口,20,25.03517,121.49048,30,05-29表格/環河南和平西路口.jpg
長順街60巷口,15,25.03119,121.48858,6,05-29表格/長順街60巷口.jpg
西園公園,14,25.0271,121.49775,41,05-29表格/西園公園.jpg
華江污水廠,20,25.03606,121.49163,37,05-29表格/華江污水廠.jpg
柳鄉公園,21,25.03718,121.49524,78,05-29表格/柳鄉公園.jpg
綠堤社區公園,22,25.03286,121.49301,64,05-29表格/綠堤社區公園.jpg
長順艋舺大道口,26,25.03035,121.49228,38,05-29表格/長順艋舺大道口.jpg
臺北魚市,20,25.01796,121.49988,31,05-29表格/臺北魚市.jpg
環南市場,14,25.0286,121.48908,17,05-29表格/環南市場.jpg
龍山國中,16,25.03646,121.50492,35,05-29表格/龍山國中.jpg
洛陽停車場,22,25.04776,121.50612,63,05-29表格/洛陽停車場.jpg
桂林昆明街口,20,25.03811,121.50362,113,05-29表格/桂林昆明街口.jpg
萬華國中_1,19,25.02926,121.49936,51,05-29表格/萬華國中_1.jpg
青年公園3號出口,20,25.02273,121.50271,247,05-29表格/青年公園3號出口.jpg
捷運龍山寺站(1號出口)_1,32,25.03548,121.50026,144,05-29表格/捷運龍山寺站(1號出口)_1.jpg
臺大水源舍區A棟,37,25.01493,121.53044,169,05-29表格/臺大水源舍區A棟.jpg
臺大卓越研究大樓,32,25.01466,121.52917,129,05-29表格/臺大卓越研究大樓.jpg
臺大水源修齊會館,18,25.01411,121.52997,177,05-29表格/臺大水源修齊會館.jpg
臺大檔案展示館,10,25.01391,121.52895,16,05-29表格/臺大檔案展示館.jpg
臺大水源舍區B棟,30,25.01525,121.53009,180,05-29表格/臺大水源舍區B棟.jpg
臺大男八舍東側,42,25.01729,121.54531,146,05-29表格/臺大男八舍東側.jpg
臺大禮賢樓東南側,23,25.01408,121.53759,52,05-29表格/臺大禮賢樓東南側.jpg
臺大農業陳列館北側,45,25.01839,121.53404,242,05-29表格/臺大農業陳列館北側.jpg
臺大管理學院二館北側,11,25.01355,121.53673,24,05-29表格/臺大管理學院二館北側.jpg
臺大土木系館,10,25.01761,121.53844,39,05-29表格/臺大土木系館.jpg
臺大大一女舍北側,53,25.01547,121.53436,87,05-29表格/臺大大一女舍北側.jpg
臺大女九舍西南側,30,25.01937,121.53902,82,05-29表格/臺大女九舍西南側.jpg
臺大小福樓東側,20,25.01846,121.5376,151,05-29表格/臺大小福樓東側.jpg
臺大立體機車停車場,27,25.01616,121.54251,21,05-29表格/臺大立體機車停車場.jpg
臺大工綜館南側,26,25.01857,121.54059,127,05-29表格/臺大工綜館南側.jpg
臺大天文數學館南側,19,25.02108,121.53783,79,05-29表格/臺大天文數學館南側.jpg
臺大心理系館南側,16,25.01941,121.5404,60,05-29表格/臺大心理系館南側.jpg
臺大樂學館東側,10,25.01793,121.53585,83,05-29表格/臺大樂學館東側.jpg
臺大農化新館西側,10,25.01627,121.53535,51,05-29表格/臺大農化新館西側.jpg
臺大五號館西側,10,25.01666,121.53718,36,05-29表格/臺大五號館西側.jpg
臺大舊體育館西側,33,25.0198,121.53583,148,05-29表格/臺大舊體育館西側.jpg
臺大共同教室北側,20,25.01595,121.53791,60,05-29表格/臺大共同教室北側.jpg
臺大共同教室東南側,12,25.01566,121.53786,56,05-29表格/臺大共同教室東南側.jpg
臺大鹿鳴堂東側,27,25.01511,121.53786,118,05-29表格/臺大鹿鳴堂東側.jpg
臺大公館停車場西北側,12,25.01345,121.53798,29,05-29表格/臺大公館停車場西北側.jpg
臺大第二行政大樓南側,10,25.01603,121.53635,37,05-29表格/臺大第二行政大樓南側.jpg
臺大明達館機車停車場,10,25.01754,121.54398,50,05-29表格/臺大明達館機車停車場.jpg
臺大二號館,10,25.01699,121.53574,33,05-29表格/臺大二號館.jpg
臺大凝態館南側,20,25.02157,121.53633,50,05-29表格/臺大凝態館南側.jpg
臺大社科院西側,42,25.02053,121.54145,156,05-29表格/臺大社科院西側.jpg
臺大社會系館南側,25,25.01987,121.54175,111,05-29表格/臺大社會系館南側.jpg
臺大思亮館東南側,10,25.02074,121.53906,21,05-29表格/臺大思亮館東南側.jpg
臺大椰林小舖,25,25.01561,121.53583,112,05-29表格/臺大椰林小舖.jpg
臺大計資中心南側,19,25.02036,121.53992,12,05-29表格/臺大計資中心南側.jpg
臺大原分所北側,12,25.01881,121.53868,15,05-29表格/臺大原分所北側.jpg
臺大校史館南側,10,25.01751,121.53569,0,05-29表格/臺大校史館南側.jpg
臺大生命科學館西北側,10,25.01548,121.53825,67,05-29表格/臺大生命科學館西北側.jpg
臺大第一活動中心西南側,40,25.01761,121.53995,292,05-29表格/臺大第一活動中心西南側.jpg
臺大博理館西側,22,25.01922,121.54195,76,05-29表格/臺大博理館西側.jpg
臺大博雅館西側,56,25.0189,121.536,53,05-29表格/臺大博雅館西側.jpg
臺大森林館北側,10,25.01704,121.53888,20,05-29表格/臺大森林館北側.jpg
臺大一號館,19,25.01698,121.53455,92,05-29表格/臺大一號館.jpg
臺大小小福西南側,10,25.01539,121.53686,15,05-29表格/臺大小小福西南側.jpg
臺大教研館北側,11,25.01337,121.53909,49,05-29表格/臺大教研館北側.jpg
臺大四號館東北側,10,25.01703,121.53781,8,05-29表格/臺大四號館東北側.jpg
臺大新生教室南側,18,25.0196,121.53846,76,05-29表格/臺大新生教室南側.jpg
臺大鄭江樓北側,10,25.019,121.54305,33,05-29表格/臺大鄭江樓北側.jpg
臺大電機二館東南側,14,25.01857,121.54247,30,05-29表格/臺大電機二館東南側.jpg
臺大圖資系館北側,10,25.01804,121.53928,37,05-29表格/臺大圖資系館北側.jpg
臺大總圖書館西南側,30,25.0169,121.54031,147,05-29表格/臺大總圖書館西南側.jpg
臺大黑森林西側,20,25.01995,121.54347,70,05-29表格/臺大黑森林西側.jpg
臺大獸醫館南側,10,25.01791,121.54242,39,05-29表格/臺大獸醫館南側.jpg
臺大新體育館東南側,40,25.02112,121.53591,135,05-29表格/臺大新體育館東南側.jpg
